ASCII Name,Alternate Names,Population,Digital Elevation Model,Geo_Latitude,Geo_Longitude
ziro,"zer,zero,ziro",13893.0,1579.0,27.59497,93.83854
wardha,"vardha,vardhá,vardkha,varntcha,wardha,oyaradha,raaradha,vardha,varta,waruda,wo er ta,???????,??????,?????,?????,???????,?????,?????,?????,????,???",113759.0,292.0,20.73933,78.59784
vijapur,"vijapur,vij?pur",24297.0,126.0,23.5623,72.74848
vettaikkaranpudur,"vettagaranpudur,vettaikkaranpudur,vettaikk?ranpud?r,vettakkaranpudur,vettakk?ranpud?r",18128.0,284.0,10.56207,76.91305
vadnagar,vadnagar,24832.0,172.0,23.78593,72.63893
uniara,"uniara,uniyara khurd,uniy?ra khurd,uni?ra",11441.0,352.0,26.15336,75.21523
thiruvananthapuram,"city of lord anantha,trv,tvm,thiruvananthapuram,tiruvananantapuram,tiruvanantapuram,tiruvanantapuramas,tkhiruvanantkhapuram,trivandrum,te li fan de lang,thyrwfananthabwram,tilubanantapulam,tiru'anantapuram,tirubanantapurama,tiruvanantapuram,tiruvanantapurama,tiruvu~anantapuramu,tribanadrama,tribendrama,trywandrwm,trywwndrwm,????????????????,??????????????????,??????????,??????????,?????????,????????????????,????????????????,??????????????,????????????,?????????????,??????????????,?????????????,????????????,?????????????,????????????,??????????????,????????????,?????????????,?????????????,???????????,?????,???????",784153.0,18.0,8.4855,76.94924
tilhar,tilhar,57043.0,161.0,27.96282,79.73827
tarn taran,"tarn taran,tarn t?ran",58585.0,227.0,31.45191,74.92777
tanuku,"tanuku,ta nu ku,tanukku,tanuku,tanuku mandala,tnwkw,?????,????? ?????,??????,??????,???????,?????,???",68290.0,15.0,16.75438,81.68143
talikota,"talikota,talikoti,t?l?kota",27902.0,513.0,16.47311,76.31085
suratgarh,"suratgarh,suratgarkh,s?ratgarh,?????????",63153.0,172.0,29.3215,73.89979
surandai,"surandai,s?randai",28989.0,136.0,8.97574,77.41923
srikakulam,"chicacole,srikakulam,sr?k?kulam,srikakulam,??????????",118299.0,14.0,18.2989,83.89751
sorab,sorab,7088.0,590.0,14.38144,75.09183
sompeta,"sompeta,sompeta,??????",17982.0,26.0,18.94419,84.58449
solim,"siolim,solim",10480.0,11.0,15.61521,73.7674
sirohi,"sirohi,sirokhi,shirohi,sirohi,xi luo xi,??????,?????,??????,??????,??????,??????,?????,???",38610.0,294.0,24.88838,72.84794
sikka,"sika,siki,sikka",19404.0,13.0,22.43218,69.84158
shujalpur,"shujalpur,shuj?lpur",47058.0,452.0,23.40673,76.7098
shikarpur,"shikarpur,shik?rpur,shik?rp?r",34649.0,202.0,28.28072,78.01411
shahkot,"jullundur,shahkot,sh?hkot",13577.0,227.0,31.08173,75.33708
saundatti,"saundatti,saundatti yellamma,soundatti",40091.0,660.0,15.76615,75.11778
saoner,saoner,29638.0,328.0,21.3851,78.92155
samdari,samdari,17915.0,143.0,25.81299,72.57879
sambhal,"sambal,sambhal,sambal,sambhala,??????,??????,?????,????,???????,??????",196109.0,203.0,28.58498,78.56959
sabalgarh,sabalgarh,31032.0,208.0,26.24918,77.40786
ranipur,"ranipur,r?n?pur",18820.0,222.0,25.25034,79.06204
ranaghat,"ranaghat,r?n?gh?t",70984.0,17.0,23.17623,88.56667
ramtek,"ramtek,r?mtek,??????",23404.0,336.0,21.39562,79.32725
rampura,"rampura,r?mpura",18495.0,411.0,24.467,75.43996
rampur,"rampur,rampur bushahr,r?mpur,??????",6206.0,992.0,31.44943,77.63087
ramgundam,"ramagundam,ramgundam,r?mgundam,ramagundam,????????",452261.0,148.0,18.80084,79.45206
rajsamand,"rajsamand,r?jsamand",63414.0,548.0,25.07145,73.8798
rajpur,"rajpur,r?jpur",19396.0,231.0,21.94022,75.13608
rajgurunagar,"rajgurunagar,r?jgurunagar",18846.0,626.0,18.86667,73.9
rahuri,"rahuri,r?huri",36885.0,511.0,19.39069,74.64979
puliyur,"puliyur,puliy?r",11174.0,113.0,10.63375,78.84139
ponnamaravati,"ponnamaravathy,ponnamaravati,ponnamar?vati",11741.0,151.0,10.28032,78.53601
perya,"periya,perya",12659.0,742.0,11.83334,75.85408
pawni,"pauni,pawni",23450.0,248.0,20.79229,79.63644
pathanamthitta,"pathanamthitta,pathan?mthitta,pattanamtitta",38285.0,30.0,9.26667,76.78333
panaji,"nova goa,panadzhi,panadzi,panadzis,panadzsi,panadis,panadí,panaji,pangim,panjim,pa na ji,panaji,panjy,pn chi,pnjy,???????,?????,????,????,??????,????,??????,????,?????,????,????,????,????,??????,???,???,???",65586.0,16.0,15.49574,73.82624
pallattur,"pallattur,pallatt?r,pallatur",8186.0,105.0,10.14609,78.80309
obra,obra,56110.0,205.0,24.41863,82.98797
nilakottai,"nilakkottai,nilakkottai-madura",21683.0,228.0,10.165,77.85024
nellikkuppam,"nellikkuppam,nellikuppami",44423.0,22.0,11.77554,79.67016
nautanwa,"nautanwa,nautanwa bazar",32587.0,105.0,27.42752,83.41789
nandura buzurg,"nandur buzruk,nandura,nandura buzruk,nandura buzurg,n?nd?r buzruk,n?nd?ra,n?nd?ra buzruk,n?nd?ra buzurg",39650.0,271.0,20.83417,76.45924
namrup,"namrup,n?mrup",18432.0,123.0,27.19395,95.31929
namakkal,namakkal,55997.0,223.0,11.22126,78.16524
mursan,"mursan,murs?n",12310.0,180.0,27.57788,77.94091
mohiuddinnagar,"mohiuddinagar,mohiuddinnagar",14938.0,55.0,25.57374,85.66944
mihona,"mehona,mihona",15830.0,152.0,26.28373,78.98048
melur,"mailore,melur,mel?r",33839.0,154.0,10.03241,78.3393
medchal,medchal,24588.0,591.0,17.62972,78.48139
masaurhi buzurg,"masaurhi,masaurhi buzurg,masaurki",53440.0,62.0,25.35417,85.03195
manvi,"manvi,m?nvi",41647.0,375.0,15.99126,77.05034
mangan,"mangan,mangan bazar,mangang,mangen,mongon",1464.0,953.0,27.50965,88.52206
mandvi,"cutch mandi,cutch-mandvi,mandvi,m?ndvi,??????",47853.0,11.0,22.83282,69.35237
manapparai,"manaparai,manapparai,manapp?rai",36926.0,167.0,10.60772,78.42582
makrana,"makrana,makr?na",93904.0,419.0,27.04361,74.72445
maharaganj,"maharaganj,maharajganj,mah?r?ganj,mah?r?jganj",30548.0,96.0,27.14456,83.56214
madurai,"ixm,madura,madurai,maduraj,madurajus,maduráj,mathurai,m thu ri,ma du lai,madhura,madhurai,mado~urai,madulai,madura'i,madurai,madwray,maturai,mdwray,mdwrayy,???????,???????,???????,???????,???????,???????,??????,?????,??????,?????,?????,??????,?????,??????,??????,?????,?????,?????,????,?????,???????,?????,???,????",909908.0,138.0,9.919,78.11953
lawar khas,"lawar,lawar khas,l?war,l?war kh?s",19556.0,240.0,29.11091,77.77767
latur,"ltu,latur,la du er,latr,latur,latura,latwr,rato~uru,?????,????,?????,?????,?????,?????,??????,??????,???",348967.0,638.0,18.39721,76.56784
koothanallur,"koothanallur,kuttanallur,k?tt?nall?r",23257.0,14.0,10.7199,79.5157
kundgol,"kundgol,ku en de ge er,kundagola,????????,????????,???????,?????",17617.0,645.0,15.25612,75.24735
kudachi,"kudachi,kudchi",19272.0,547.0,16.62784,74.85408
kothapet,"kagaznagar,kothapet,koth?pet",4266.0,196.0,19.35176,79.48323
koppal,"kappal,kopbal,koppal,ke pu pa er,koppal,koppala,??????,??????,??????,???????,??????,???????,????",60868.0,540.0,15.34522,76.15478
kuchinda,"kochinda,kuchinda",14081.0,243.0,21.74356,84.34848
khunti,khunti,31366.0,650.0,23.07602,85.27818
kheri,kheri,26327.0,149.0,27.90354,80.79754
kayattar,"kayatar,kayattar,kayatt?r",10007.0,63.0,8.94834,77.77424
karsiyang,"karsiyang,kharasana,kurseong,k?rsiy?ng",46427.0,1501.0,26.88251,88.27729
karauli,"karauli,ka lao li,karauli,???????,?????,??????,?????,???",73717.0,272.0,26.49831,77.02755
karamadai,"karamadai,k?ramadai,karamatai,??????",31188.0,367.0,11.24058,76.96009
kallakkurichchi,kallakirichi,40449.0,131.0,11.7404,78.959
kalka,"kalka,kalki,k?lka,kalaka,?????,?????",32205.0,703.0,30.83982,76.94065
kalimpong,"kalimpang,kalimpong,k?limpang,k?limpong,?????????",43000.0,1141.0,27.07059,88.47529
joshimath,"joshimath,joshinath,josh?math",13865.0,1821.0,30.55543,79.56436
jangaon,"jangaon,jangoon",47558.0,383.0,17.72602,79.15236
jalakandapuram,"jalakandapuram,jalakand?puram,jalakantapuram",14529.0,282.0,11.69779,77.87298
hospet,"hosapete,hospet,hoszpet,khospet,hosapeta,hosapete,hospeta,hospete,huo si pei te,hwspt,??????,?????,?????,???????,???????,??????,???????,????????,????",197846.0,487.0,15.26954,76.3871
hoskote,hoskote,41236.0,884.0,13.0707,77.79814
hodal,hodal,44300.0,199.0,27.89196,77.36744
hastinapur,"hastinapur,hastin?pur",24093.0,221.0,29.16042,78.00762
haridwar,"hardwar,hardw?r,haridvar,haridvár,haridwar,haridw?r,khardvar,kharidvar,arittuvar,haraduraara,haradvara,haridowaru,haridu'ara,haridvar,haridvara,haridvaram,he er de wa er,???????,????????,????????,???????,????????,??????????,???????,???????,???????,????????,???????????,?????????,????????,????????,??????,?????",186079.0,295.0,29.94791,78.16025
hamirpur,"hamirpur,ham?rpur",34144.0,115.0,25.9553,80.14842
haldwani,"haldwani,haldwani-cum-kathgodam,haldw?ni,khaldvani,ha er de wa ni-qiu mu-ka te ge da mu,haladuraani-tilakara-kathagodama,haladwani,haldvani,haldvani-va-kathagodama,????????,????????,???????,?????????,?????????-?-????????,????????-??????-????????,?????????,?????-??-?????",139497.0,447.0,29.22254,79.5286
gundlupet,"gundalpet,gundlupet,gundlup?t",27197.0,799.0,11.81004,76.69027
gudiyatham,gudiyatham,93973.0,280.0,12.94601,78.87377
gudivada,"gudivada,gudiv?da",116161.0,13.0,16.43547,80.99555
ghatsila,"ghatshila,ghatsila,gh?ts?la",40018.0,103.0,22.58531,86.47682
gharaunda,gharaunda,34307.0,243.0,29.53692,76.97142
gangarampur,"gangarampur,gang?r?mpur",65316.0,32.0,25.40138,88.52978
gadwal,"gadwal,gadw?l",55952.0,326.0,16.23504,77.79556
fatehabad,"fatahabad,fatehabad,fateh?b?d",66013.0,216.0,29.51525,75.45554
erraguntla,"erraguntla,yerraguntla",27874.0,169.0,14.63853,78.53974
ellenabad,"ellenabad,ellen?b?d,kharyal",37680.0,196.0,29.45282,74.66122
dumka,"dumka,dmka,du mu ka,dumaka,dumaka jila,dumaka jilla,dumka,dwmka,?????,????,?????,?????,?????,????? ????,????? ??????,??????,?????,?????,???",47663.0,150.0,24.26778,87.24855
dhariwal,"dhariwal,dh?riw?l",20604.0,264.0,31.95616,75.32386
daryapur,"daryapur,dary?pur",35782.0,287.0,20.92489,77.32644
dankaur,dankaur,13020.0,207.0,28.35121,77.55508
churu,"churu,ch?ru",103533.0,291.0,28.30415,74.96718
chincholi,chincholi,20447.0,462.0,17.46508,77.41874
chharra,chharra,24535.0,182.0,27.9247,78.40102
channapatna,"channapatan,channapatna",66647.0,669.0,12.65143,77.20672
chanda,"candrapur,chanda,chandrapur,ch?nda,candrapur,candrapura,candrapura jille,candrapuram,chandrapwr,chndrapwr,chndrpwr,qian de la pu er,?andrapur,?????????,?????????,????????,???????,????????,?????????,???????????,?????????,????????,?????????,???????? ??????,?????",328351.0,186.0,19.95076,79.29523
chandbali,"chandbali,ch?ndb?li",9918.0,8.0,20.77519,86.74139
bishnupur,"bishnupur,vishnupur,????????",64041.0,73.0,23.0738,87.31991
bilthra,"belthara,bilthar,bilthra",17228.0,71.0,26.12705,83.89148
bilaspur,"bilaspur,bilaspura,bil?spur,pab,?????????",282705.0,265.0,22.08005,82.15543
bhachau,"bachau,bhachau,bhach?u,buchow",24044.0,44.0,23.29858,70.34279
bawana,"bawana,bawana delhi,baw?na",24906.0,223.0,28.7982,77.03431
barsi,"barshi,barsi,b?rsi",110983.0,518.0,18.23454,75.69275
barjala,barjala,17998.0,43.0,23.6182,91.35596
bapatla,"bapatla,b?patla",70117.0,10.0,15.90422,80.46743
banihal,"banihal,banih?l",3278.0,1649.0,33.43647,75.19684
bagra,bagra,11364.0,173.0,23.73333,86.31667
badvel,badvel,16238.0,139.0,14.7451,79.06288
arangaon,"arangaon,jamkhed,?rangaon",29591.0,672.0,19.02681,74.71487
anekal,"anekal,a nei ka er,anekal,anekala,?????,??????,??????,??????,????",36693.0,927.0,12.7111,77.69557
anamalais,"anaimalai,anaimalais,anamalai,anamalais",16131.0,264.0,10.58303,76.93441
ambagarh chauki,"ambagarh chauki,ambagarh-chowki,amb?garh chauki",9265.0,335.0,20.77644,80.74608
akhnur,akhnur,12802.0,312.0,32.86667,74.73333
ahmadpur,ahmadpur,8855.0,51.0,23.83009,87.68661
ahiri,ahiri,14384.0,140.0,19.41386,80.00359
panchla,"panchla,p?nchla",23526.0,7.0,22.53665,88.13785
birpara,birpara,30000.0,110.0,26.70421,89.14547
chemmumiahpet,chemmumiahpet,31416.0,132.0,15.89794,79.32129
quthbullapur,"quthbullapur,qutubullapur",225816.0,554.0,17.50107,78.45818
akasahebpet,akasahebpet,1500.0,71.0,17.50455,82.56597
azhiyur,azhiyur,28731.0,16.0,11.69348,75.56013
yeola,"yeola,yevale,yewle",46762.0,562.0,20.0424,74.48944
vizianagaram,"viguyanagram,vizianagaram,vizianagarm,vizianagram,vizianagram city,vizijanagaram,bijayanagarama,bijianagalam,bijiyanagarama,fyzynjarm,vijayanagara,vijayanagaram,vijayanagarama,vijayanakaram,vu~ijayanagaramu,wei ji ya ne ge lei mu,wjayangrm,????????????,?????????????,?????????,?????????,????????,?????????,???????????,???????,????????,?????????,????????,?????????,???????,??????",179358.0,66.0,18.11692,83.41148
vadakku viravanallur,"vadakku viravanallur,vadakku viravanall?r,viravanallur,viravanall?r",19689.0,66.0,8.69786,77.51916
vijayawada,"bezawada,bezwada,bezw?da,vga,vidzajavada,vidzhajavada,vidzsajavada,vidzsajavádá,vidajavada,vijajauada,vijaja?ada,vijayavada,vijayav?d?,vijayawada,vijayaw?da,widzajawada,wid?ajawada,bejavada,bijayabada,bijayarada,bijayawada,bijayawara,fjayawada,fyjayawada,vicayavata,vijaiavada,vijaivara,vijayavada,vijayavara,vu~ijayawada,wei jie ya wa da,wjyawada,wjy? wa??,wyjyawada,??????????,??????????,??????????,??????????,?????????,??????????,???? ????,????????,????????,??????????,?????????,?????????,????????,????????,?????????,????????,????????,????????,?????????,????????,????????,??????,???????,???????,???????,??????????,????????,?????,?????",874587.0,47.0,16.50745,80.6466
valabhipur,"vala,valabhipur,valabh?pur,vallabhipur",18663.0,22.0,21.88868,71.87935
uttarkashi,"barahat,b?r?h?t,uttarkashi,uttark?shi",17123.0,1147.0,30.72986,78.44342
uppal kalan,"oopal,pedda uppal,upal,uppal,uppal kalan",118259.0,502.0,17.40577,78.55911
umri,umri,9364.0,150.0,26.51056,78.93667
todabhim,todabhim,22529.0,252.0,26.91667,76.81667
tikri,"tikri,t?kri",13646.0,239.0,29.2291,77.35479
thiruvaiyaru,"thiruvaiyaru,thiruvaiy?ru,tiruvadi,tiruv?di",14451.0,42.0,10.88405,79.10362
thasra,thasra,18337.0,68.0,22.79831,73.21174
terdal,"terdal,terd?l",26411.0,550.0,16.49379,75.04667
teni,"teni,theni,tkheni,?????",1034724.0,300.0,10.01115,77.47772
tasgaon,"tasgaon,t?sgaon",34933.0,586.0,17.037,74.60171
sultanpur,"sultanpur,sult?npur",110368.0,104.0,26.25788,82.07269
sivaganga,"shivaganga,sivaganga,civakankai,shivu~agangai,sibaganga,sivaganga,sivaganga'i,xi wa gang ge a,?????????,????????,????????,????????,???????,????????,???????,?????",42785.0,103.0,9.84701,78.48358
sitamarhi,"sitamarhi,s?t?marhi",57095.0,70.0,26.59357,85.4906
siruguppa,siruguppa,47917.0,375.0,15.63,76.89217
singapperumalkovil,"singaperumalkoil,singaperumalkovil,singaperum?lkovil,singapperumalkovil,singapperum?lkovil",8301.0,53.0,12.75947,80.0075
sholinghur,sholinghur,28645.0,157.0,13.1181,79.42025
shahpur,"shahpur,shakhpura,sh?hpur,???????",18874.0,244.0,29.3501,77.5516
seorinarayan,"seorinarayan,seorinaryan,seor?n?r?yan",8880.0,228.0,21.72055,82.59344
sanawad,"sanavad,sanawad,san?wad,s?n?wad",36455.0,197.0,22.17391,76.06993
riasi,"reasi,riasi,ri?si",8101.0,521.0,33.08115,74.83242
raybag,"raybag,raybagh,r?yb?g",17389.0,585.0,16.49178,74.77391
polavaram,"polarvaram,polavaram",43710.0,31.0,17.24754,81.64372
peranamallur,"peranamallur,peranamall?r",5723.0,130.0,12.57052,79.43332
pattukkottai,"pattukkottai,pa tu ke tai,pattukkotta'i,pattukkottai,pattukotta'i,???????????????,?????????????,?????????????,????",67982.0,27.0,10.42358,79.31949
pathardih,"pathardih,pathardihi,p?thardih",45276.0,162.0,23.6658,86.43166
parli vaijnath,"parli,parli vaijnath,parli vaijn?th,purli,purli vaijnath",94863.0,463.0,18.85057,76.53163
parichha,"parichha,par?chh?,p?r?chha",7399.0,207.0,25.50789,78.75954
nawanshahr,"nawanshahr,qnw,na wan si ha he er,na'oyanasahara,naraanasahara,navana sahara,navanasahara,navansahara,navansahara-nagaram,navansahira,nawanasahara,??????,???????,???????-?????,???? ???,??????????,????????,?????????,????????,??????",31121.0,264.0,31.1245,76.11613
narela,narela,800000.0,219.0,28.85267,77.09288
narasingapuram,narasingapuram,10875.0,206.0,13.60759,79.31652
naliya,naliya,10587.0,26.0,23.26058,68.82655
naihati,"naihati,naih?ti",253221.0,18.0,22.89396,88.41521
nadaun,"nadaun,n?daun",4838.0,478.0,31.78303,76.3431
mundargi,"mundargi,mndrgy,mu en da er ji,mundaragi,mundargi,??????,?????????,?????????,??????????,???????,?????",21826.0,534.0,15.20677,75.8839
moranha,"moran,moranha,moranhat,mor?n,mor?nha",7136.0,104.0,27.18735,94.91557
miranpur katra,miranpur katra,29626.0,162.0,28.02963,79.66778
mandsaur,"mandasor,mandsaur,man de shao er,mandasaura,mandosauru,mandsa'ur,mndswr,??????,??????,???????,????????,??????,???????????,??????,????",124988.0,440.0,24.07184,75.06986
mandi,"mandi,ma en di,mandi,?????,????? ????? ?????,????,?????,??????,??????,????,?????,???",28217.0,764.0,31.71194,76.93273
mahabaleshwar,"mahabaleshvar,mahabaleshwar,mah?baleshwar,malcolm peth",13598.0,257.0,17.56,73.4
chennai,"cenaj,cenajo,cenajus,cenay,cennai,cennaj,chehnai,chenaj,chennai,chennai - cennai,chennai - ??????,chennaj,csennai,maa,maderaspatanum,madras,madrás,tamizhagam,tamulinadu,tsennai,cen ni,cena'i,cenna'i,cennai,chen'nai,chenai,chennai,chnay,chnayy,chynay,chynayy,jin nai,qing nai,tshynay,zn?y,çenay,çennai,?ennaj,?enajo,?enaj,?enajus,?ennai,?ennaí,???????,?????,?????,??????,??????,??????,?????,??????,????,??????,?????,????,?????,??????,??????,??????,???????,????,??????,???????,??????,??????,??????,??????,????????,?????,???????????????,?????,?????,??,??,???",4328063.0,14.0,13.08784,80.27847
madhyamgram,"maddham gram,madhyamgram,ma di ya mu ge la mu,madhyagrama,madhyamagrama,??????????,??????????,?????????,??????????,???????",161126.0,10.0,22.68944,88.44594
lohardaga,"lohardaga,loh?rdag?",53032.0,666.0,23.43305,84.67992
lalpur,lalpur,15076.0,79.0,22.19073,69.96351
kumher,"kumher,k?mher",21903.0,181.0,27.31657,77.37079
khurai,khurai,31613.0,439.0,24.04372,78.33014
khamharia,khamharia,6998.0,328.0,20.976,82.25116
kathua,"kathua,katkhua,ka tu a,kathu'a,kathura,kathuraa,kathuva,kathwa,??????,?????,?????,????,?????,????,?????,?????,????,?????,???",48551.0,323.0,32.36941,75.52539
katangi,"katangi,kat?ngi",15321.0,351.0,21.77369,79.80513
karanja,"karandzha,karanja,karanja bibi,k?ranja,k?ranja bibi,????????",64734.0,414.0,20.48273,77.48857
kapren,kapren,19671.0,240.0,25.40529,76.07431
kalakkadu,"kalakad,kalakkadu,kalakk?du",27845.0,132.0,8.5138,77.54944
kadaura,"baoni kadawa,kadaura",13784.0,137.0,25.98537,79.83842
jorhat,"dzhorkhat,jrh,jorhat,jorh?t,sibsagar,sibságar,???????",69033.0,94.0,26.75751,94.20306
jhunjhunun,"jhunjhunu,jhunjhunun,jhunjhun?n,jh?njhunu",113193.0,343.0,28.12559,75.39797
jhinjhak,"jhinjhak,jh?njhak",23499.0,142.0,26.56093,79.73423
jhansi,"jhansi,jh?nsi",412927.0,248.0,25.45887,78.57994
jasdan,jasdan,43861.0,204.0,22.03709,71.20794
jarwal,jarwal,17576.0,112.0,27.1629,81.54179
indapur,"indapur,indapuri,ind?pur",26752.0,13.0,18.3,73.25
harij,"harij,h?rij",18964.0,50.0,23.69356,71.907
hajipur,"hajipur,h?j?pur,khadzhipur,????????",133606.0,55.0,25.68544,85.20981
goa velha,"antiga goa,gamle goa,goa velha,goa vieja,khrami i monastiri goa,o-goa,old goa,oud goa,senoji goa,stara goa,stare goa,velha goa,dzveli goa,go'a vel'ha,kaw kea,olda goya,palaiya kova,praacina goraa,pracinagova,purano gova,purano goya,shhr qdym gwa,ó-goa,????? ? ????????? ???,???? ??????,??? ???? ???,???? ???,??? ??????,?????? ????,???????????,????? ?????,??????? ????,???? ????,???? ????? ???????? ??????? ?????????,????? ???,???????,????? ???",5656.0,10.0,15.44384,73.88572
gaurela,gaurela,14582.0,622.0,22.75449,81.90107
gariadhar,"gariadhar,gariyadhar",35692.0,98.0,21.53889,71.57737
gangolli,"gangolli,ganguli",15200.0,11.0,13.65024,74.67072
gangavalli,gangavalli,10905.0,209.0,11.49828,78.64966
gandevi,"ganadevi,gandevi",16240.0,19.0,20.81214,72.99811
durg,"drug,durg,durga,drg,du er ge,durga,dwrg,dwrj,????,???,????,????,???,?????,?????,?????,???",255283.0,303.0,21.19147,81.27619
dhrol,dhrol,26496.0,34.0,22.567,70.41769
dhone,dhone,39689.0,425.0,15.3952,77.8715
dhana,"dhana,dh?na",10641.0,519.0,23.74697,78.86234
datia,datia,90628.0,247.0,25.67312,78.45908
darsi,darsi,33418.0,111.0,15.76978,79.67939
daitari,daitari,4146.0,427.0,21.1,85.75
dahanu,"dahanu,d?h?nu",49048.0,8.0,19.96778,72.71263
dabhoi,dabhoi,56253.0,46.0,22.18333,73.43333
chhoti sadri,"chhoti sadri,chhoti s?dri",17335.0,498.0,24.38145,74.7012
chengam,chengam,23904.0,277.0,12.30889,78.79137
chandrakona,"chandrakona,chandshona",21855.0,39.0,22.73333,87.51667
burhar,burhar,18191.0,486.0,23.21494,81.53204
budhlada,"budhlada,budhl?da",25431.0,227.0,29.92799,75.56205
bodhan,"bodhan,bodhan,?????",73938.0,375.0,18.66208,77.88581
kil bhuvanagiri,"bhavanagiri,bhuvanagiri,bliuvanagiri,kil bhuvanagiri,k?l bhuvanagiri",20656.0,12.0,11.44216,79.64763
bhitarwar,"bhitarwar,bhitarw?r",17679.0,238.0,25.79216,78.11085
bhatgaon,bhatgaon,8044.0,294.0,21.15,81.7
bhaisa,"bhainsa,bhaisa,bhainsa,?????",46120.0,369.0,19.11285,77.96336
beldanga,"beldanga,beld?nga",27489.0,20.0,23.93428,88.26018
bayana,"bajan,bayaha,bayana,bay?na,????",36399.0,210.0,26.90791,77.28985
baud,"baud,bauda,baudh,baudh raj,baudh r?j,baudh-ral",18945.0,96.0,20.83773,84.32618
basoda,"basoda,b?soda",69278.0,410.0,23.85153,77.93652
bargi,bargi,17588.0,401.0,22.99138,79.8755
bannur,"bannur,bann?r",25455.0,677.0,12.33295,76.86201
babina,"babina,bab?na,??????",35538.0,287.0,25.23947,78.47028
baberu,baberu,15607.0,129.0,25.54711,80.70443
ashta,"ashta,????",45365.0,498.0,23.01754,76.72208
asandh,"asandh,?sandh",25323.0,239.0,29.52119,76.60552
annavasal,"annavasal,annav?sal",7862.0,128.0,10.4606,78.70029
anjar,"andzharom,anjar,anj?r,????????",66888.0,69.0,23.11316,70.02671
anjangaon,anjangaon,54999.0,344.0,21.16516,77.3091
ambala,"ambala,ambata,amb?la",146787.0,276.0,30.36099,76.79782
akbarpur,"akbarpur,miranpur akbarpur,m?r?npur akbarpur,akabarapura,akbarapuram,akbrpwr  ambdkar ngar,????????,???? ???? ??????? ???,???????? ??????? ????,??????????,???????",36865.0,89.0,26.42953,82.53431
akaltara,akaltara,21333.0,287.0,22.02463,82.42641
akalkot,akalkot,39226.0,471.0,17.52532,76.20611
ahmadnagar,"ahmadnagar,ahmadnâgar,ahmednagar,ahamadanagara,ahamedanagara,ahmd nghr,ahmd ngr,ahmd njr,ahmdnajar,ahmdngr,ahmdnqr,akamatnakar,???? ???,???? ???,?????????,???? ???,???????,???????,???????,????????,?????????",367140.0,661.0,19.09457,74.73843
haldia,haldia,170695.0,6.0,22.06046,88.10975
dhulagari,dhulagari,21080.0,14.0,22.58213,88.171
gopalpur,gopalpur,6890.0,14.0,22.61845,88.75119
singapur,"singapur,sing?pur",24457.0,594.0,17.46982,78.12574
periyapattinam,"periyapattinam,?????????????",9478.0,8.0,9.27263,78.90232
sathupalli,sathupalli,40000.0,172.0,17.24968,80.86899
naharlagun,naharlagun,26912.0,159.0,27.10467,93.69518
sarupathar,sarupathar,9827.0,223.0,26.206,96.81
lumding railway colony,"kumding,lumding,lumding railway colony",25283.0,141.0,25.74903,93.16998
pedda nakkalapalem,pedda nakkalapalem,2500.0,28.0,15.8668,80.16202
nangilickondan,nangilickondan,3000.0,75.0,12.25539,79.47508
v.s.k.valasai (dindigul-dist.),"v.s.k.valasai,v.s.k.valasai (dindigul-dist.),?.?.?.???????",17865.0,372.0,10.31549,78.15141
kultali,kultali,187942.0,4.0,21.9,88.4
nagarukhra,"nagarukhra,ukrah",13548.0,13.0,22.94099,88.63701
virar,"virar,vir?r",150357.0,9.0,19.45591,72.81136
vetapalem,"vetapalem,vetap?lem,vet?p?lem",38007.0,11.0,15.78502,80.30663
vedasandur,"vedasandur,vedasand?r",12493.0,218.0,10.53102,77.95019
vandavasi,"vandavasi,vandav?si,wandiwash,wandiw?sh",31530.0,79.0,12.50429,79.60556
tirur,"tirur,tirur station,tir?r,di lu er,tirur,tirura,tyrwr,?????,?????,??????,?????,???",54934.0,15.0,10.91368,75.92118
tirunelveli,"nellai,tinnevelli,tinnevelly,tinnevelly junction,tirunelveli,tirunelweli,di lu nei er wei li,tilunelbelli,tirunalaveli,tirunelabeli,tirunelaveli,tirunelveli,tiruneruvu~eri,trwnlwyly,tyrwnlfly,tyrwnlwly,tyrwnlwyly,tyrwnylwyly,???????????,?????????,?????????,???????????,?????????,??????????,??????????,????????????,????????????,???????????,???????????,???????????,????????????,????????????,????????????,????????????,?????????,??????,?????",1435844.0,49.0,8.72742,77.6838
tirumala,"tirumala,upper tirupati",18013.0,858.0,13.68333,79.35
tiruchchendur,"tiruchchendur,tiruchchend?r,tiruchendur,tiruchend?r",29872.0,9.0,8.49725,78.11906
tanjore,"tjv,tanjavur,tanjavûr,tanjor,tanjore,tanj?v?r,thanjavur,thanj?v?r,tkhandzhavur,tancavur,tancavu?,tanjavura,tanjavuru,??????????,???????,?????????,????????,????????",219571.0,57.0,10.78523,79.13909
thane,"tanja,tanna,thana,thane,th?na,th?ne,tanh,tany,thyn,t?an?,t?an?,????,????,????,????,?????,?????,???",1261517.0,23.0,19.19704,72.96355
telhara,"telhara,telh?ra",21146.0,286.0,21.02694,76.83889
taramangalam,taramangalam,23788.0,266.0,11.69403,77.97035
talipparamba,"taliparamba,talipparamba,tullipurmbu,ta li pa la mu ba,taliparamba,talipparamp,talipparampa,????????,???????????,???????????,??????",69878.0,45.0,12.04161,75.35927
takhatgarh,takhatgarh,17285.0,224.0,25.32235,73.00487
sriramnagar,"sri rama nagar,sriramnagar,sr?r?mnagar",19550.0,571.0,17.26652,78.25544
shrirampur,"serampore,serampur,shrirampur,shr?r?mpur",226317.0,11.0,22.75278,88.34222
solapur,"sse,sholapur,shol?pur,solapur,sol?pur,solapura,sollapura,sorapuru,???????,???????,?????????,??????",997281.0,473.0,17.67152,75.91044
shirpur,"shirpur,shirpure,???????",69540.0,157.0,21.34821,74.88035
shiggaon,"shigaon,shiggaon",26118.0,621.0,14.99053,75.22499
sheoganj,sheoganj,26804.0,274.0,25.13915,73.06784
shamsabad,"shamsabad,shams?b?d",31009.0,170.0,27.01718,78.12358
satwas,"satwas,satw?s",12115.0,306.0,22.53628,76.68452
sattenapalle,sattenapalle,53603.0,78.0,16.39381,80.15221
sardulgarh,sardulgarh,17270.0,213.0,29.69224,75.23608
saraipali,"saraipaili,saraipali,saraip?li",18394.0,271.0,21.3153,83.00629
sanivarsante,sanivarsante,4432.0,960.0,12.72824,75.88669
sahaswan,"sahaswan,sahasw?n",60953.0,174.0,28.07227,78.75082
raver,"raver,r?ver",26635.0,255.0,21.24757,76.03509
rasulabad,rasulabad,7800.0,131.0,26.74491,80.49012
rangpo,"rangpo,rongphu,rungpo",4026.0,307.0,27.17733,88.53358
rampur hat,rampur hat,53468.0,42.0,24.17737,87.78275
rajpipla,rajpipla,35392.0,45.0,21.86667,73.5
raj-nandgaon,"raj nandga,raj nandgaon,raj-nandgaon,r?j n?ndgaon,r?j-n?ndgaon",150755.0,306.0,21.09687,81.0289
puruliya,"purulia,puruliya",122533.0,255.0,23.33062,86.36303
punganuru,punganuru,48865.0,730.0,13.36672,78.57186
pithapuram,"pithapuram,pith?puram",52709.0,21.0,17.1168,82.25284
phulbani,"phulabani,phulab?ni,phulbam,phulbani,phulb?ni",36613.0,482.0,20.48101,84.23063
periyapatti,periyapatti,10647.0,317.0,10.75812,77.27087
panruti,"panruti,pan lu di,panaruti,pannurutti,???????,???????,???????????,???",56586.0,27.0,11.77662,79.55269
pandua,pandua,28205.0,19.0,23.07492,88.28637
padra,padra,36499.0,34.0,22.2398,73.08451
new delhi,"dellium novum,dilli,dillí,n'ju-deli,neo delchi,neu-delhi,nev deli,new delhi,new dilli,nju delkhi,nov-delhio,nova delhi,nova deli,nova deli - na'i dilli,nova deli - ?? ??????,nova-delhi,nove dilli,nové dillí,nueba deli,nueva delhi,nuova delhi,nyja deli,nyu deli,nòva delhi,nýja delí,yeni delhi,dlhy aljdydt,na'i dilli,naya dilli,niu-deli,niwde li,nyudelli,nyuderi,nyw dlhy,nywdlhy,putu tilli,xin de li,??? ?????,?? ?????,??? ????,???-????,???? ????,??? ????,???? ???????,???????,?? ??????,???? ??????,???? ??????,???????,?????????????,???-????,?? ??,??????,???,???",317797.0,212.0,28.63576,77.22445
narayanavanam,"narayanavanam,n?r?yanavanam",11432.0,128.0,13.42565,79.58881
naraura,naraura,22432.0,182.0,28.20147,78.38723
nanjangud,"nanjangud,nanjangud town,nanjang?d",50243.0,666.0,12.11764,76.68397
najafgarh,"najafgarh,najafgarli",1365000.0,215.0,28.60922,76.97982
nabha,"nabha,n?bha",64640.0,256.0,30.37577,76.15292
muzaffarnagar,"muzafarnagar,muzaffarnagar,mu zha fa er na jia er,mujapharanagara,mujaphpharanagara,mujaphpharanagaram,mujhaphpharanagara,muzaffara nagara,muzaffarunagaru,mzfr ngr,mzfrngr,????????????,???? ???,???????,????????????,?????????? ???,??????????,??????????,????????,?????????,???????",349706.0,251.0,29.47091,77.70332
muvattupula,"muvattupula,muvatupusha,muvatupuzha,m?vattupula",29664.0,28.0,9.98493,76.57728
murliganj,"murliganj,murl?ganj",23843.0,51.0,25.8969,86.99577
muddebihal,"muddebihal,muddebih?l",31895.0,586.0,16.33782,76.13173
morar,morar,44451.0,207.0,26.2264,78.22482
marandahalli,"marandahalli,marandahally,m?r?ndahalli",10480.0,585.0,12.38826,78.00316
manmad,"manmad,manm?d",76722.0,578.0,20.25334,74.43755
mandvi,"mandvi,m?ndvi",18669.0,45.0,21.25526,73.30412
manawar,"manawar,man?war",27637.0,195.0,22.23566,75.08917
malavalli,malavalli,38129.0,621.0,12.38556,77.06045
malappuram,"malappuram,ma la pu nan,ma la pu pu la mu,malabwram,malappuram,malappurama,mlapwrm,??????????,?????????,???????,????????,??????????,?????????,????????,??????,????",61743.0,68.0,11.04199,76.08154
magam,"magam,m?g?m,magam,magham,?????,?????",4690.0,1591.0,34.09256,74.59016
madhupur,madhupur,50671.0,250.0,24.27419,86.63929
madhubani,"madhubani,madkhubani,?????????",71582.0,61.0,26.35367,86.07169
lansdowne,lansdowne,8198.0,1701.0,29.84183,78.68014
lakhyabad,"lakhyabad,lakhy?b?d,layabad,loyabad",33162.0,142.0,23.66667,86.66667
kumbakonam,"kumbakonam,ku mu ba ke na mu,kumbakonama,kumbhakeanam,kumbhakonam,kumbhakonama,kumpakonam,??????????,????????,??????????,?????????,??????????,????????,????????,??????",139264.0,31.0,10.96209,79.39124
kukatpalli,"kukatpalli,kukatpally,k?katpalli",341709.0,566.0,17.48486,78.41376
kottaiyur,"kottaiyur,kottaiy?r",11519.0,103.0,10.10956,78.7956
kotkhai,"kot khai,kot kh?i,kotkhai",1253.0,1676.0,31.11728,77.53936
korwai,korwai,15136.0,406.0,24.11774,78.04007
koraput,"koraput,kor?put,???????",41170.0,883.0,18.81199,82.71048
khutar,"khutar,kh?t?r",15618.0,167.0,28.20307,80.27046
khatauli,khatauli,64731.0,241.0,29.27844,77.73302
kharar,kharar,12049.0,17.0,22.72211,87.67824
kavalur,"kavalur,kaval?r",1010.0,548.0,15.28829,75.9433
karimnagar,"karimnagar,kar?mnagar,karinnagar,????????",228745.0,279.0,18.43915,79.12856
kangar,"kangar,kangra,k?ngar,k?ngra",9158.0,697.0,32.09135,76.26267
homnabad,"hominabad,homnabad,homn?b?d",41485.0,641.0,17.77074,77.12519
hisar,"hss,hisar,hissar,hiss?r,his?r,khisar,hisara,hsar,xi sa er,?????,????,????,?????,?????,?????,?????,???",296436.0,216.0,29.15394,75.72294
haringhata,"haringhata,haringh?ta,harringhatta",9705.0,16.0,22.96474,88.57451
halol,"halol,h?lol",45741.0,109.0,22.50321,73.47242
gudari,"gudari,gud?ri",6895.0,127.0,19.34762,83.78128
gosaba,"gosaba,gosaha,gos?ba",222764.0,8.0,22.16547,88.8007
gopalur,"gopalour,gopalur,gop?lur",3324.0,381.0,16.6122,77.80728
gomoh,gomoh,31395.0,247.0,23.87355,86.1516
gokarna,"gokarn,gokarna,gokarna,kokarnam,??????,???????,??????,????????,??????,??????,????????",25851.0,3.0,14.55,74.31667
ghazipur,"ghazipur,ghaz?pur,gh?z?pur",103095.0,77.0,25.58333,83.58526
ganjam,"canjam,ganjam,ganj?m",11429.0,11.0,19.38705,85.05079
gangapur,gangapur,17661.0,508.0,25.21954,74.26028
ferozepore,"ferozepore,ferozepur,feruzpur,firozpur,f?r?zpur,f?rozpur",102130.0,200.0,30.92574,74.61311
fazilka,"fazika,fazilka,f?zilka",70887.0,181.0,30.40207,74.02836
dod ballapur,"dod ballapur,dod ball?pur",78676.0,904.0,13.29452,77.53777
dharapuram,"dharapuram,dh?r?puram,da la pu la mu,dharapurama,tarapuram,????????,????????,?????????,?????",72291.0,250.0,10.73828,77.53223
dera gopipur,"dera gopipur,dera-gepipur",4735.0,445.0,31.87919,76.21871
depalpur,"depalpur,dep?lpur",16936.0,537.0,22.85095,75.54224
deoria,"deoria,deorija,de ao li ya,de'uriya,devariya,dywrya,dywrya  atrprdysh,??????,??????,??????? ????????,???????,????????,????",129570.0,82.0,26.50167,83.77936
delhi,"del,daehli,dehli,dehl?,delchi,delhi,delhio,delhí,delhî,deli,delis,delkhi,dellium,delí,dilhi,dilli,dillí,dill?,dähli,déhli,faritani delhi,new delhi,old delhi,sahdzahanabad,stare deli,de li,dehali,deli,delli,deri,dhilli,dhly,dhly qdym,dil'hi,dili,dilli,dlhy,dly,dl?y,dylhy,na'i dilli,prany d?ly,tilli,áhdahanabád,?????,????,?????,????,?????,????,????? ????,????,????,?????,????,????,???,????,???? ????,?????,????,?????,????? ????,????,??????,??????,?????,?? ??????,??????,??????,?????,??????,??????,??????,??????,?????,?????,????,????,???,??,??",10927986.0,227.0,28.65195,77.23149
chotila,chotila,15197.0,210.0,22.42347,71.19641
borivli,"borivali,borivli",609617.0,22.0,19.23496,72.85976
bilaspur,"bilaspur,bil?spur",10709.0,306.0,30.3045,77.30424
bhanpuri,"bhanpuri,bh?npuri,bh?npur?",17270.0,311.0,21.0919,80.93218
beri khas,"beri,beri khas,beri kh?s",16727.0,226.0,28.70146,76.57708
beliator,"beliator,beliatore,beli?tor",6014.0,87.0,23.32052,87.22081
beawar,"beawar,be?war",130777.0,453.0,26.10119,74.32028
basudebpur,"basudebpur,b?sudebpur",31827.0,14.0,21.11974,86.72896
barasat,"barasat,b?r?sat",298127.0,11.0,22.72154,88.48198
bantva,"bantva,bantwa,b?ntva",15051.0,26.0,21.48815,70.07576
bangaon,bangaon,60000.0,51.0,25.86728,86.51152
bangaon,"bangaon,bongaon,banagam,banagamo,banagavam,bang ge a ao en,???????,???????,?????,??????,?????",111693.0,11.0,23.04553,88.83084
banganapalle,"banaganapalli,banganapalle,banganapilly,banaganapalli,??????????",25325.0,231.0,15.31771,78.22669
ballalpur,"ballalpur,ballarpur,ball?lpur",92146.0,188.0,19.84696,79.34578
bahadurgarh,"bahadurgarh,bah?durgarh",153613.0,215.0,28.69287,76.93555
bagha purana,"bagha purana,baghaparana,b?gha pur?na",23360.0,222.0,30.68809,75.09838
babugarh,"babugarh,b?b?garh",7156.0,216.0,28.72353,77.84677
attingal,"attingal,attungal,a te ting ge a er,arrinkal,attinagala,attingal,attingala,?????,????????,?????????,?????????,???????????,??????????,?????????,??????",36595.0,43.0,8.69609,76.81507
ateli mandi,"ateli,ateli mandi",6176.0,290.0,28.1008,76.2598
ambah,"ambah,amb?h",40523.0,176.0,26.70423,78.22678
amtala,amtala,8266.0,8.0,22.37046,88.27864
jafarpur,"jafarpur,j?farpur",14798.0,7.0,22.31878,88.2305
chinnasekkadu,chinnasekkadu,10220.0,9.0,13.16089,80.25727
gaddi annaram,"gaddi annaram,gaddiannaram",53622.0,492.0,17.36687,78.5242
yanamalakuduru,"yanamalakuduru,yenamalakuduru",30000.0,18.0,16.48531,80.66746
gangadharpur,"gangadharpur,gangadharapura,??????????",7862.0,9.0,22.76,88.22
hnahthial,hnahthial,24588.0,1025.0,22.91,92.76
zamania,"zamania,zaminia,zam?nia",32008.0,72.0,25.41961,83.55786
yol,yol,11314.0,672.0,32.16423,76.19622
warud,"warud,oyaruda,raaruda,varuda,wa lu de,????,????,????,???????,?????,???",47817.0,402.0,21.47101,78.26965
vinukonda,vinukonda,61326.0,96.0,16.0531,79.73964
vasind,vasind,16970.0,37.0,19.40844,73.26285
tulsipur,"tulsipur,tuls?pur",22486.0,115.0,27.5337,82.41653
tosham,"tosbam,tosb?m,tosham,tosh?m",12528.0,213.0,28.86993,75.9165
than,"than,thangadh,th?n",42508.0,144.0,22.57422,71.19942
tendukheda,"tendukheda,tendukhera,tendukhera sailwara,tend?kheda",12698.0,398.0,23.3962,79.53947
taoru,"taoru,t?oru",19310.0,270.0,28.21173,76.94984
tajpur,tajpur,17529.0,227.0,29.16242,78.48458
sultanpur,"adampur,sultanpur,sult?npur,?dampur",8518.0,244.0,29.75534,78.11034
suar,"suar,su?r,????",28941.0,211.0,29.02841,79.05654
sonari,"sonari,son?ri",19672.0,106.0,27.02462,95.01629
sironj,sironj,45455.0,472.0,24.10313,77.69055
sihor,"shihor,sihara,sihor,sihora,xi huo er,?????,?????,?????,?????,???",52603.0,69.0,21.71134,71.96179
sherkot,"bijnor,sherkot",57361.0,236.0,29.32704,78.57429
shegaon,"shegaon,segamo,seganva,si he jia ao en,?? ????,??????,??????,????????,?????",56449.0,275.0,20.7932,76.69921
shahganj,"jaunpur,shahganj,sh?hganj",26510.0,91.0,26.04965,82.68423
sabrum,"sabroom,sabrum,sabr?m",6205.0,26.0,23.00153,91.72427
rura,rura,15908.0,140.0,26.49001,79.90108
rayadrug,rayadrug,59968.0,553.0,14.69971,76.85241
rania,"rania,ranija,raniya,r?nia,?????",22741.0,203.0,29.52454,74.83689
rampur,rampur,26257.0,270.0,29.8062,77.45251
ramgarh,"ramgarh,r?mgarh",29834.0,408.0,27.25097,75.17893
raghunathpur,"raghunathpur,raghun?thpur",6100.0,38.0,25.64492,87.91762
ponda,"cassabe de ponda,cassabé de pondá,ponda",18898.0,39.0,15.40341,74.01519
pinahat,"pinahat,pin?hat",19511.0,159.0,26.88487,78.37647
pilibhit,"pilibhhit,pilibhit,pilibkhit,p?libh?t,p?l?bh?t,????????",131008.0,190.0,28.63124,79.80436
pendra,pendra,12637.0,613.0,22.77548,81.95968
palwal,"palval,palwal,balwal,pa er wa er,pala'oyala,palaraala,palavala,palawala,??????,??????,????,????????,??????,?????,????",121965.0,201.0,28.14469,77.32546
pahlgam,"pahalgam,pahalg?m,pahlgam,pahlg?m",7750.0,2155.0,34.01592,75.31899
nirmal,"nirmal,nirmala,ni er ma er,nirmal,nirmala,nrml,???????,????,??????,??????,??????,???????,????",80982.0,338.0,19.09685,78.34407
navsari,"nausari,navasari,navsari,navs?ri,nosari",171109.0,14.0,20.94237,72.92467
navelim,navelim,12469.0,18.0,15.53333,73.98333
narasannapeta,"narasannapeta,narsannapet",24267.0,31.0,18.41428,84.04463
najibabad,"najibabab,najibabad,naj?b?b?b,naj?b?b?d",84006.0,273.0,29.61194,78.34274
mudukulattur,"mudukulathur,mudukulattur",14229.0,28.0,9.34169,78.51388
mawana,"mawana,maw?na",76973.0,235.0,29.10288,77.92199
mauranwan,"mauranwan,maurawan,maur?nw?n,maur?w?n",14916.0,128.0,26.42876,80.88008
mangalam,"mangalam,mungalum",11379.0,52.0,9.76473,78.64037
mandawar,"mandawar,mand?war",21339.0,243.0,29.48655,78.12732
mandal,mandal,13345.0,35.0,23.28865,71.91854
mahe,"mahe,mah?,makh,mayyazhi,???",38183.0,22.0,11.70172,75.53474
maddur,"maddur,madd?r",28141.0,643.0,12.58283,77.04294
leteri,leteri,15519.0,534.0,24.05979,77.40858
kuju,kuju,19390.0,423.0,23.72536,85.51023
kotputli,kotputli,43651.0,361.0,27.70207,76.19911
kotdwara,"kotdwara,kotdw?ra",27009.0,383.0,29.74612,78.52219
kota,"ktu,kota,kotah,kotah city,ke ta,kota,kotta,kwta,????,????,????,????,????,????,??????,????,??,??",763088.0,267.0,25.18254,75.83907
kolasib,kolasib,25000.0,661.0,24.22388,92.67869
kolaras,"kolaras,kol?ras",17174.0,454.0,25.21928,77.61167
kodinar,"kodina,kodinar,kod?nar,korinar",34930.0,31.0,20.79393,70.70216
kodala,kodala,13187.0,38.0,19.62425,84.94075
kirakat,kirakat,14034.0,87.0,25.63745,82.91596
khowai,"ixn,khowai",20046.0,33.0,24.07964,91.59972
khamgaon,"khamgaon,kh?mgaon",94604.0,304.0,20.70738,76.56827
katpur,"jegri,kadpur,katpur,kutpur",6981.0,9.0,21.05869,71.79457
katghora,katghora,20113.0,325.0,22.50247,82.54279
karmala,"karmala,karm?la",22809.0,559.0,18.4077,75.19386
kanniyakumari,"cap comorin,cape comorin,comorin,kan'jakumari,kanniakumari,kanniyakumar,kanniyakumari,kanniy?kumar,kanniy?kum?ri,kanyakumari,???????????",20540.0,36.0,8.09008,77.53841
kandi,"kandi,k?ndi",54848.0,26.0,23.95946,88.04018
kaman,"kaman,k?man,?????",33524.0,187.0,27.65791,77.26908
kamakhyanagar,"kamakhyanagar,k?m?khy?nagar,murhi",15818.0,67.0,20.93385,85.54489
kalghatgi,kalghatgi,15428.0,568.0,15.18315,74.97099
kaithal,"kaithal,kajtkhal,ka'ithala,kai ta er,kaithala,kythal,???????,??????,?????,????,??????,????,????,???",140604.0,232.0,29.80153,76.39959
jalgaon jamod,"dzhalgaone,jaigaon,jalgaon,j?igaon,j?lgaon,?????????",27794.0,309.0,21.05194,76.53464
jainpur,"jainpur,jianpur,jiyanpur,j?anpur",11674.0,78.0,26.15389,83.33505
ikauna,ikauna,14217.0,118.0,27.53097,81.96917
hosanagara,hosanagara,5187.0,589.0,13.91387,75.06503
hole narsipur,"hole narsipur,holenarasipura",28285.0,845.0,12.78635,76.24331
hojai,"hojai,hojal,hoj?i,h?j?l",36869.0,78.0,26.00281,92.85605
hirapur hamesha,"hirapur,hirapur hamesha,h?r?pur,h?r?pur hamesha",6069.0,299.0,21.55546,79.78581
hirakud,"hirakud,h?r?kud,h?r?k?d",27277.0,168.0,21.52502,83.87275
hassan,"hassan,khasan,ha sang,hasana,?????,????,??",128531.0,955.0,13.00715,76.0962
harduaganj,"harduaganj,harduganj,hardu?ganj",12328.0,189.0,27.94361,78.15789
harda khas,"harda,harda khas,harda kh?s",67387.0,294.0,22.34414,77.09536
hanumangarh,"hanumangarh,hanum?ngarh,sadulgarh",155687.0,184.0,29.58182,74.32938
gunupur,"gunupur,gu nu pu er,gunapura,gunupura,???????,??????,????",22264.0,87.0,19.0804,83.80879
gumla,"gumla,guml?",44951.0,650.0,23.04268,84.54429
gudur,"gudur,g?d?r",74851.0,17.0,14.15093,79.8521
gohana,"gohana,goh?na",56093.0,234.0,29.13777,76.70247
giddarbaha,"giddarbaha,giddarb?ha",39243.0,199.0,30.19953,74.66627
ghorawal,"ghorawal,ghorawul,ghorwal,ghor?wal",7492.0,300.0,24.75459,82.77965
goribidnur,"gauibidanur,gauribidanur,gauribidan?r,goribidnur,goribidn?r",32447.0,690.0,13.61072,77.51738
gangawati,"gangavati,gangawati,gang?wati",106250.0,415.0,15.4313,76.52933
ferokh,"ferok,feroke,ferokh",30229.0,25.0,11.17989,75.84141
dohrighat,"dohrighat,dohrigh?t,dohr?gh?t",11180.0,78.0,26.27217,83.50916
dharamsala,"bhagsu,dhm,darmsala,dharamsala,dharamshala,dharmsala,dharmshala,dharms?la,dharmála,da lan sa la,dalamsalla,daramusara,daramushara,dharmasala,????????,????????,????????,?????,????????,????,????",19540.0,1359.0,32.22006,76.32013
dhari,"dhari,dh?ri",29346.0,213.0,21.32855,71.02645
dharchula,"dharchula,dh?rchula",7331.0,1665.0,29.84707,80.51951
devaprayag,"devaprayag,devapray?g",2130.0,615.0,30.14603,78.60272
daulatpur,daulatpur,3591.0,646.0,32.05622,76.26101
cumbum,"cumbum,kambhamu",22653.0,193.0,15.58171,79.11059
cuddapah,"cdp,cuddapah,kadapa,kurpah,kadapa,katappa,??????,???",127010.0,135.0,14.47995,78.82346
chinchani,"chinchani,chinchni",14357.0,13.0,19.87458,72.6851
chichli,chichli,10225.0,346.0,22.83363,78.82611
chhapar,"chhapar,chh?par",18727.0,311.0,27.819,74.43936
chandla,chandla,11195.0,181.0,25.07148,80.19294
chabua,"chabua,ch?bua",7623.0,119.0,27.48253,95.17451
bilsi,bilsi,26320.0,178.0,28.12941,78.9109
bilhaur,bilhaur,19333.0,137.0,26.84345,80.06388
bihpuriagaon,bihpuriagaon,11780.0,89.0,27.01718,93.91673
bhim tal,bhim tal,6625.0,1343.0,29.34447,79.56336
bharuch,"baroach,bharoch,bharuch,bhar?ch,broach",153528.0,12.0,21.69482,72.9805
bhadra,"bhadra,bh?dra,bkhadra,??????",37629.0,200.0,29.10298,75.17138
behat,behat,18223.0,306.0,30.1718,77.6139
barhi,barhi,12136.0,383.0,23.90326,80.81516
barddhaman,"barddhaman,barddham?n,bardhaman,bardham?n,bordhoman,burdwan,burdw?n,bardhamana,???????",301725.0,34.0,23.25572,87.85691
balotra,"balotra,b?lotra",68120.0,115.0,25.83242,72.24
bah,"bah,b?h",15359.0,160.0,26.86912,78.59385
bagasra,"bagasara,bagasra",32944.0,153.0,21.48719,70.95516
anupgarh,"anupgarh,an?pgarh",33309.0,156.0,29.19111,73.20861
amudalavalasa,"amudalavalasa,amud?lavalasa,amudalavalasa,?????????",39124.0,36.0,18.41025,83.90295
amethi,"amethi,ameth?",13684.0,109.0,26.15696,81.80519
allapalli,"alapillai,allapalli,all?palli,al?pillai",10772.0,144.0,19.43172,80.06377
alipur,"alipur,al?pur",20736.0,213.0,28.79862,77.13314
achhnera,"achhnera,achnera",20532.0,176.0,27.17826,77.75674
ramchandrapur,"ramchandrapur,r?mchandrapur",9664.0,18.0,22.89639,88.47528
gurdaha,gurdaha,13103.0,8.0,22.73472,88.75944
canacona,"kanakona,????????",11900.0,59.0,14.9959,74.05056
pithampur,pithampur,68051.0,595.0,22.60197,75.69649
barpeta road,barpeta road,35281.0,49.0,26.50284,90.96937
bishnupur,bishnupur,24588.0,809.0,24.62845,93.76179
waghai,"waghai,wagh?i",6462.0,147.0,20.77048,73.50074
wadgaon,"vadgaon,wadgaon",12373.0,631.0,18.7392,73.63945
vuyyuru,"vuyyuru,vuyy?ru",36755.0,18.0,16.36307,80.84406
vikravandi,"vikravandi,vikrav?ndi",10449.0,43.0,12.0369,79.54595
uravakonda,uravakonda,33495.0,473.0,14.94348,77.25494
udalguri,udalguri,15935.0,116.0,26.75367,92.10215
todaraisingh,"toda raisingh,toda r?isingh,todarasingh",22613.0,345.0,26.02401,75.48182
tindwari,"tindwari,tindw?ri",10406.0,121.0,25.61739,80.52718
tharad,"tharad,thar?d",24697.0,53.0,24.39597,71.62577
thanniyam,thanniyam,8449.0,15.0,10.41667,76.13333
taloda,taloda,26293.0,126.0,21.56128,74.21238
sukma,"sukma,sunkon",24588.0,208.0,18.39014,81.65941
sonepur,"sonapur,sonepur,sonpur",18768.0,105.0,20.83333,83.91667
silchar,"ixs,silchar,silacara,silacara-nagaram,xi er qia er,??????,?????-?????,?????,?????,?????,?????,????????,????",152393.0,24.0,24.82733,92.79787
sidhauli,"sidhauli,sidhaul?",22193.0,134.0,27.28202,80.8345
serula,serula,10631.0,43.0,15.54774,73.84329
satara,"satara,s?t?ra,??????",112793.0,709.0,17.68589,73.99333
samalkot,"samalkot,s?malkot",55097.0,19.0,17.05675,82.17639
salem,"sxv,salem,selam,szalem,szálem,celam,sai lei mu,salema,sallem,salm,selam,selama,seramu,?????,????,???? ????? ????,????? ???? ????,????,?????,????,?????,?????,????,?????,????,????,???,??",778396.0,283.0,11.65376,78.15538
saidpur,saidpur,14496.0,215.0,28.61089,77.90896
raya,"raja,raya,r?ya,???",20008.0,185.0,27.55607,77.78972
ramamangalam,"ramamangalam,r?mamangalam",9999.0,32.0,9.93333,76.5
rajgarh,"sadulpur,rajagarha,??????",49583.0,240.0,28.64201,75.38612
puranpur,"puranpur,p?ranpur",39988.0,186.0,28.51283,80.14829
pupri,"janakpur road,pupri",15070.0,63.0,26.47079,85.70311
pundri,"pundri,p?ndri",17533.0,249.0,29.76096,76.56034
pukhrayan,"pukhrayan,pukhr?y?n",22555.0,133.0,26.22375,79.83739
pipraich,pipraich,15856.0,91.0,26.82745,83.52632
perambalur,"perambalur,perambal?r,byrmbalwr,pei la mu ba lu er,peramabalura,perambalura,perambaluru,perampalur,peranbaruru,??????????,?????????,??????????,??????????,???????????,??????????,???????,??????",30799.0,124.0,11.23333,78.88333
pathalgaon,"pathalgaon,pathargaon",15394.0,573.0,22.55656,83.46355
palani,"palani,palni,pa la ni,palani,??????,????,????,????,??????,??????,????,????,???",66085.0,328.0,10.45034,77.5209
ongole,"ongole,anagole,awngl,awngwl,ongol-nagaram,ongola,ongole,ongolu,onkol,weng guo er,??????,?????,??????,?????,???????-?????,??????,??????,???????,???????,??????,???",172872.0,28.0,15.50357,80.04454
north vanlaiphai,"north vanlaiphai,vanlaiphai",3475.0,1385.0,23.13227,93.06532
nongstoin,nongstoin,25758.0,1321.0,25.51704,91.26484
napasar,"napasar,nap?sar",21750.0,248.0,27.96059,73.55913
nalhati,"nalhati,nalh?ti",25878.0,54.0,24.29704,87.82899
nakodar,"nakodar,na ke da er,nakodar,nakodara,nkwdr,?????,??????,???????,?????,????????,????",32405.0,235.0,31.12586,75.47508
nagpur,"ajni,nag,nagpore,nagpur,nagpura,nagpuras,nankpour,nágpur,n?gpur,n?gpura,na ge pu er,nagapur,nagapura,nagapuram,nageupuleu,naghbwr,nagpwr,nagupuru,nakpur,????????,??????,??????,??????,??????,??????,??????,????????,??????,??????,??????,??????,??????,????????,???????,??????,????????,???????,?????,????,????",2228018.0,319.0,21.14631,79.08491
nagercoil,"nagarkoil,nagarkovil,nagercoil,n?gercoil,nakarkovil,???????????",213858.0,40.0,8.17899,77.43227
nagar karnul,"karnul,karn?l,nagar karnul,n?gar karn?l",29439.0,454.0,16.4821,78.32471
morwa,"morva,morwa",20168.0,159.0,22.90469,73.83912
mohgaon,mohgaon,10446.0,371.0,21.63941,78.73638
marakkanam,"marakkanam,marakk?nam,markanum,merkanam,merk?nam",19734.0,13.0,12.19214,79.94193
maniar,maniar,20462.0,68.0,25.98546,84.17233
mandapeta,mandapeta,48852.0,17.0,16.86254,81.92921
malpura,"malpura,m?lpura",28600.0,326.0,26.2838,75.36458
malpur,"malpur,m?lpur",6971.0,145.0,23.36035,73.46595
malpe,malpe,23496.0,12.0,13.34962,74.70394
maharajgani,"maharajgani,maharajganj,mah?r?jgani,mah?r?jganj",22430.0,67.0,26.11017,84.50365
laungowal,"lalgarh,laungowal,laungow?l,l?lgarh",21880.0,235.0,30.19393,75.68089
lalgola,"lalgola,lalgola ghat,l?lgola",28442.0,27.0,24.42244,88.25238
lakhipur,lakhipur,14045.0,37.0,26.03001,90.30611
lahar,lahar,32886.0,158.0,26.19401,78.94137
kumhari,"kumhari,kumh?ri",38334.0,279.0,21.26667,81.51667
kulittalai,kulittalai,26822.0,87.0,10.93487,78.41251
kudligi,"kudligi,k?dligi",22975.0,601.0,14.905,76.38527
krishnarajpet,"krishnarajpet,krishnar?jpet",24289.0,815.0,12.66621,76.4877
koppa,koppa,5124.0,778.0,13.53044,75.36329
kolhapur,"klh,kolhapur,kolh?pur",516142.0,559.0,16.69563,74.23167
kishtwar,"kishtvare,kishtwar,kishtwer,kishtw?r,????????",20553.0,1642.0,33.31346,75.76726
kheralu,"kheralu,kher?lu",20755.0,179.0,23.88534,72.61869
khanpur,khanpur,14854.0,290.0,24.73241,76.39601
khadki,"khadki,kirkee",75654.0,565.0,18.5635,73.85205
kattivakkam,"kattivakkam,kattiv?kkam",34595.0,2.0,13.21667,80.31667
jodhpur,jodhpur,47329.0,99.0,21.90174,70.0327
jiran,"jiran,j?ran",10982.0,485.0,24.30871,74.89087
jalalabad,jalalabad,35051.0,154.0,27.72625,79.65523
hinjilikatu,"hinjili,hinjilicut,hinjilikatu",22779.0,49.0,19.48166,84.74489
hasanpur,hasanpur,57481.0,211.0,28.72249,78.28436
gurmatkal,"gurmatkal,gurmatkol,gurmatk?l",18236.0,594.0,16.86773,77.39088
gawan,"gawan,gaw?n",8744.0,191.0,28.41969,78.35186
fatehabad,"fatehabad,fateh?b?d",21957.0,169.0,27.02645,78.3027
elur,elur,30832.0,12.0,10.06667,76.28333
elumalai,elumalai,14456.0,214.0,9.86501,77.69923
diglur,"deglur,diglur,d?gl?r",52596.0,383.0,18.54829,77.57695
dhilwan,"dhilwan,dhilw?n",8447.0,230.0,31.51432,75.34574
dharmabad,"dharmabad,dharm?b?d",32351.0,360.0,18.89116,77.8494
dharampur,"dharampore,dharampur,dhurrumpur,dilarampur",21207.0,76.0,20.53693,73.17368
dhar,"dhar,dh?r,dkhar,????",82438.0,559.0,22.59373,75.29774
deoranian,"deorania,deoranian,deorani?n",19788.0,189.0,28.62989,79.47648
deolali,"deolali,deol?li",52958.0,569.0,19.94404,73.83441
deoband,"deoband,deobande,????????",88171.0,263.0,29.69505,77.67964
daulatpur,"daulatpur,muhanundp",7620.0,37.0,25.32605,88.32989
cuttack,"katak,kataka,kattak,kattake,katak,kataka,katakam,katakku,katk,kattak,ke ta ke,kutakeu,kuttaka,?????,??????,???????,????,?????,???,????,???,?????,???,??????,???,???,???,??????,????,??????,????,???,???",580000.0,30.0,20.46497,85.87927
coondapoor,"coondapoor,coondapur,kundapur",28491.0,17.0,13.63126,74.6902
vikasnagar,"chuharpur,ch?harpur,vikasnagar,vik?snagar",13055.0,468.0,30.46944,77.77275
chidawa,"chirawa,chir?wa",41319.0,316.0,28.23937,75.64035
chhaprauli,chhaprauli,19224.0,234.0,29.20989,77.17454
channarayapatna,"channarayapatna,channar?yapatna,chanzarayapatna",37681.0,855.0,12.90642,76.38775
chandur bazar,chandur bazar,18780.0,375.0,21.23853,77.74713
challakere,challakere,53506.0,586.0,14.318,76.65165
birmitrapur,birmitrapur,27879.0,257.0,22.4,84.76667
biloli,biloli,14716.0,371.0,18.77385,77.72463
bhulath gharbi,"bholath,bhulath gharbi",10669.0,235.0,31.54279,75.50755
bhabhra,"bhabhra,bhabra,bh?bhra,bh?bra",9965.0,369.0,22.53048,74.32846
berasia,"berasia,bei la xia,berasiya,????????,?????????,???",27091.0,483.0,23.63134,77.43351
belonia,"belonia,beloniya",16735.0,21.0,23.25178,91.45407
basmat,"basmat,basmath",63972.0,397.0,19.32872,77.15746
barki saria,barki saria,24134.0,335.0,24.17594,85.88938
banavar,"banavar,banavara,b?n?var",7827.0,778.0,13.41029,76.16314
bagar,bagar,15670.0,328.0,28.18784,75.50012
babrala,"babrala,babr?la",16670.0,184.0,28.26419,78.4056
atraulia,"atraulia,atrauliya,atrauli?",11847.0,91.0,26.3333,82.94727
adirampattinam,"adirampatnam,adirampattinam,adir?mpatnam,atirampattinam,atir?mpattinam,attirampattinam",27909.0,12.0,10.34059,79.37905
atarra,"atarra,atarra buzurg",46168.0,141.0,25.28618,80.57155
noria,"arnia,arn?a,noria,nor?a",9662.0,275.0,32.52095,74.79845
antu,antu,8316.0,100.0,26.05654,81.90267
akot,"akot,a ke te,akat,akota,????,????,????,????,????,????,???",86917.0,311.0,21.0963,77.0588
srirampur,"srirampur,srir?mpur",18682.0,19.0,22.94849,88.01954
mahiari,mahiari,17051.0,10.0,22.58826,88.23544
solap,solap,13751.0,6.0,22.12778,88.15861
ula,ula,6324.0,6.0,22.7225,88.55556
madambakkam,madambakkam,17058.0,36.0,12.8525,80.04667
powai,"pancakutira,pava'i,????????,???",20000.0,52.0,19.1164,72.90471
ponnur,ponnur,56504.0,11.0,16.07114,80.54944
aistala,aistala,19425.0,16.0,23.18,88.58
jhulasan,jhulasan,8000.0,77.0,23.3286,72.47314
inda chhoi,inda chhoi,7000.0,231.0,29.64042,75.79041
cherthala,cherthala,45827.0,12.0,9.68444,76.33558
karol bagh,"karol bagh,karol b?gh",505241.0,231.0,28.65136,77.19072
kapadvanj,"kapadranj,kapadvanj",44764.0,89.0,23.02302,73.07113
kandukur,"kandukur,kanduk?r",53662.0,22.0,15.21542,79.9039
jeypore,"jaypur,jeyepore,jeypore,pyb",80837.0,592.0,18.8563,82.5716
jalor,jalor,49682.0,172.0,25.34558,72.61559
itaunja,itaunja,6726.0,129.0,27.08347,80.89672
ichchapuram,"ichapuram,ichchapur,ichchapuram,ichch?puram,ichekapuram,iccapuram,?????????",33754.0,19.0,19.11393,84.68721
honnali,"honnali,honn?li",16753.0,562.0,14.23976,75.64507
hingoli,"hingoli,khingoli,hingoli,xing ge ao li,???????,??????,???????,????????,????????,???????,????",75878.0,458.0,19.71464,77.14238
hilsa,hilsa,41110.0,60.0,25.31642,85.28234
hatta,"hatla,hatta,khatta,?????",30854.0,336.0,24.13406,79.60119
hasimara,"hashimara,hasimara,h?sim?ra",40000.0,139.0,26.7469,89.35385
gurgaon,"gurgaon,gurgáon,gu er gang,gudaganva,guleugaon,guraga'om,guragamo,guraganv,guraganva,guragavam,gurugaon,gwrgan,gwrgaw,jwrjawn,khur khean,kurkan,???????,???????,???????,??????,??????,??????,??????,???????,???????,???????,????????,????????,????????,????????,?????????,?????????,??????,???,????",197340.0,228.0,28.4601,77.02635
ghosi,"ghosi,ghos?",39138.0,82.0,26.10587,83.5393
garui,garui,16499.0,4.0,22.63333,88.4
garhmuktesar,garhmuktesar,37043.0,215.0,28.78732,78.10214
gangoh,gangoh,59519.0,268.0,29.78004,77.26346
ettaiyapuram,ettaiyapuram,12956.0,63.0,9.14405,77.99066
durgapur,"durgapur,durg?pur",18561.0,205.0,20.0054,79.30273
dam dam,"dam dam,dum dum",122719.0,9.0,22.63341,88.42286
dugadda,"dogadda,dugadda,garhwal",2780.0,763.0,29.80673,78.61109
dimapur,"dmu,dampur,dimapur,dim?pur,???????",135860.0,154.0,25.91174,93.7217
dicholi,"bicholim,bicholim town,cassabe de bicholim,cassabé de bicholim,dicholi",15315.0,11.0,15.59319,73.94571
dhing,dhing,20826.0,69.0,26.46793,92.47336
dhekiajuli,dhekiajuli,21271.0,83.0,26.70367,92.47808
davorlim,davorlim,11417.0,25.0,15.27221,73.99242
chopda,chopda,65598.0,195.0,21.24578,75.29946
chatrapur,"chatrapur,chhatrapur",21123.0,37.0,19.35574,84.98359
champawat,champawat,4668.0,1626.0,29.33501,80.07783
chakia,chakia,14999.0,96.0,25.04891,83.22155
brajarajnagar,"brajarajnagar,brajrajnagar,br?jar?jnagar",79421.0,219.0,21.81667,83.91667
bodinayakkanur,"bodinayakanur,bodinayakkanur,bodin?yakkan?r",75680.0,352.0,10.01171,77.34976
bishnupur,"bishnupur,????????",4428.0,9.0,22.37777,88.27411
beed,"beed,bhir,bid,bidh,bir,b?r,mahboobganj,mahbubganj,bida,bira,???,???,???,???,????",24588.0,512.0,18.98921,75.75634
bijawar,"bijawar,bij?war",19468.0,360.0,24.62351,79.48994
begowal,"begowal,begowala,begow?l",10175.0,233.0,31.61152,75.52135
batoti,"batote,batoti",4209.0,1547.0,33.11826,75.30889
barpali,"barpali,barp?li",20202.0,182.0,21.19005,83.58721
barhiya,barhiya,43045.0,49.0,25.28814,86.02055
baragaon,"baragaon,bar?gaon",8655.0,206.0,25.47554,78.71224
bantval,"bantval,bantv?l,bantwall,bantyal,bartval",37619.0,26.0,12.8905,75.03489
bandora,bandora,12819.0,32.0,15.40823,73.98129
bandikui,"bandikui,b?nd?k?i",16165.0,283.0,27.05087,76.57325
bakreswar,"bakresvare,bakreswar",1739.0,92.0,23.8832,87.37265
bahjoi,"bahjoi,bhajoi",33752.0,193.0,28.39502,78.62659
bagdogra,"bagdogra,baghdogra,b?ghdogra,ixb",17372.0,149.0,26.69929,88.31177
bagepalli,"bagepalli,b?gepalli",24031.0,730.0,13.78338,77.79667
badlapur,"badlapur,ba de la pu er,badalapura,bdlapwr,???????,???????,???????,????????,?????",104636.0,24.0,19.15516,73.26553
badagara,"badagara,vatakara",76493.0,12.0,11.59776,75.58142
asifabad,"asafabad,asifabad,asif?b?d,jangaon",21213.0,215.0,19.35851,79.28415
ankleshwar,"ankleshwar,anklesvar",74742.0,22.0,21.63236,72.99001
amroha,amroha,176253.0,218.0,28.90314,78.46984
amarwara,"amarwara,amarw?ra",13258.0,807.0,22.2978,79.16943
allahganj,"allahganj,all?hganj",13824.0,144.0,27.5454,79.68715
aduthurai,aduthurai,11433.0,25.0,11.01542,79.48093
abu road,"abu road,?bu road",50262.0,263.0,24.48012,72.78186
chima,chima,9894.0,264.0,30.6854,76.08643
vadigenhalli,"vadigenhalli,vijayapura",31558.0,886.0,13.29724,77.80184
vengavasal,vengavasal,3778.0,16.0,12.89911,80.169
neelankarai,neelankarai,15688.0,5.0,12.9495,80.2592
sector,sector,2000.0,207.0,28.5708,77.3261
zafarabad,zafarabad,9106.0,86.0,25.69867,82.73354
vikarabad,"vicarabad,vikarabad,vik?r?b?d",43337.0,638.0,17.3381,77.90441
vepagunta,vepagunta,26881.0,54.0,17.77844,83.21577
ugu,ugu,6518.0,134.0,26.79681,80.32093
tundla,"tundla,t?ndla",50939.0,167.0,27.2146,78.23683
thanesar,"thanesar,th?nesar",138279.0,260.0,29.97323,76.83214
tarana,"tarana,tar?na,??????",22773.0,501.0,23.33383,76.04253
tankara,"tankara,tank?ra",10175.0,64.0,22.65622,70.74945
tambaram,"tambaram,ta mu ba la mu,tambarama,tamparam,??????,?????????,????????,?????",174787.0,33.0,12.9246,80.12707
srivardhan,"savardhan,shriwardham,srivardhan,sr?vardhan",15279.0,14.0,18.04592,73.01552
sopur,"sopor,sopore,sopur",63035.0,1583.0,34.28671,74.47228
sohna,sohna,33361.0,212.0,28.24737,77.06544
sinnar,"sinnar,??????",34095.0,671.0,19.84505,73.99866
simga,simga,12944.0,270.0,21.6281,81.70376
shirgaon,"shirgaon,siri",5844.0,15.0,19.69589,72.71527
shimoga,"shimoga,shimogga,shivamogga,shivamoggi,cimakka,shymwga,shywamwga,simeaga,simoga,sivamogga,xi mo jia,??????,??????,????????,??????,??????,??????,???????,????????,????????,?????,???",319550.0,590.0,13.93157,75.56791
shillong,"shl,shillong,shilong,silongas,cillan,shilongi,shiron,shylang,shylwngh,silam,silamga,silanga,sillang,silleann,sillong,silonga,xi long,ilongas,???????,??????,??????,??????,??????,??????,???????,??????,????,???????,??????,????,????????,?????????,?????????,??????????,???????,???,??,??",132842.0,1507.0,25.56892,91.88313
sheikhpura,"shaikhpura,sheikhpura",46718.0,54.0,25.13994,85.84096
shahi,"shahi,sh?hi",16064.0,180.0,28.55023,79.31761
shahdol,"sahdol,shahdol,sahadola,saharola,satol,si ha he duo er,?????,?????,??????,??????,???????,?????,?????",89289.0,468.0,23.29356,81.3619
sattur,"sattur,s?tt?r",31856.0,66.0,9.35592,77.92457
sargur,"sargur,sarg?r",10983.0,693.0,11.99971,76.39611
sankeshwar,"sankeshvar,sankeshwar",34549.0,638.0,16.25649,74.48195
samthar,samthar,21582.0,177.0,25.84348,78.90683
salumbar,"salumbar,s?l?mbar",16557.0,242.0,24.13524,74.04442
saitlaw,"saitlaw,saitual,s?itlaw",11043.0,799.0,23.97187,92.57454
safidon,safidon,30863.0,238.0,29.40596,76.67042
robertsganj,"robertsgandzh,robertsganj,sonbhadra,luo bei er te si gan jie,rabartasaganja,rabartsganja,robartasaganja,????????????,?????? ???,?????????????,???????????,??????????,??????????,???????",37855.0,321.0,24.6886,83.06784
revelganj,revelganj,37031.0,60.0,25.78976,84.63596
closepet,"closepet,ramanagaram,r?managaram,???????????",93528.0,695.0,12.72181,77.28149
ramachandrapuram,"ramachandrapuram,r?machandrapuram",42977.0,12.0,16.83636,82.02871
qadian,"kadian,k?di?n,qadian,q?di?n",21015.0,254.0,31.82198,75.37663
punalur,"punalur,punal?r",47263.0,38.0,9.01956,76.92261
puliyangudi,"puliyangudi,puliyankudi",62494.0,204.0,9.17489,77.39799
porsa,"porsa,?????",37824.0,170.0,26.67444,78.37081
ponnampet,ponnampet,6117.0,858.0,12.14473,75.94514
pithora,pithora,7592.0,301.0,21.25021,82.51707
patuli,"patuli,p?tuli",4694.0,18.0,23.55286,88.26473
patan,"patan,p?tan,?????",9332.0,300.0,21.03333,81.53333
pasighat,"ixt,pasighat,p?sigh?t",25581.0,179.0,28.06631,95.32678
paliyad,"paliad,paliyad,p?liy?d",10862.0,115.0,22.25757,71.56024
padampur,"padampur,podampur",16387.0,200.0,20.99932,83.06325
padam,padam,25000.0,3560.0,33.46659,76.88488
needamangalam,"nidamangalam,n?d?m?ngalam",9125.0,21.0,10.77378,79.41875
navalgund,navalgund,23208.0,585.0,15.55877,75.35305
nashik,"isk,nashik,nasik,nasikas,nasiko,naszik,naikas,nászik,na xi ke,nacik,nashiku,nashk,nasik,nasika,nasikeu,nask,nasyk,?????,?????,?????,????,?????,????,?????,?????,?????,?????,??????,?????,?????,??????,??????,??????,??????,????,???,???",1289497.0,584.0,19.99727,73.79096
nagothana,"nagothana,nagothna,n?gothana",10866.0,15.0,18.54225,73.13493
nagireddipalli,"nagireddipalle,nagireddipalli,n?gireddipalli",10392.0,150.0,14.27005,79.10131
murshidabad,"murshidabad,murshid?b?d,??????????",39557.0,25.0,24.1839,88.27171
mul,"mul,m?l",23984.0,196.0,20.06987,79.67826
moth,moth,14077.0,179.0,25.72595,78.95029
morbi,"morbi,morvi",118022.0,53.0,22.81731,70.8377
modasa,"modasa,modassa,mod?sa",58970.0,147.0,23.46253,73.29857
mau aimma,"mau aima,mau aimma",20123.0,103.0,25.69515,81.92336
mataundh,mataundh,8591.0,145.0,25.43594,80.15653
masinigudi,"masinigudi,masnigudi",9642.0,946.0,11.56831,76.64087
margherita,margherita,24428.0,153.0,27.28482,95.66796
manthani,manthani,15661.0,135.0,18.65087,79.66501
mangrul pir,mangrul pir,29198.0,450.0,20.31379,77.34178
mandleshwar,"mandleshwar,m?ndleshwar",12049.0,165.0,22.17598,75.65995
makum,"makum,makum-junction,m?kum",16225.0,130.0,27.48652,95.43646
mailani,"mailani,mailani junction,mail?ni,mail?ni junction",14212.0,169.0,28.29088,80.3438
mahur,mahur,7176.0,599.0,25.18305,93.11342
mahishadal,"mahishadal,mah?sh?dal",17988.0,7.0,22.18616,87.98072
machilipatnam,"bandar,kistna,krishna,machilipatnam,machil?patnam,masulipatam,masulipatao,masulipatnam,masulipatão,macilipatnam,??????????",192827.0,11.0,16.18747,81.13888
lucknow,"lko,lakhnau,lakkhnau,lakkhnau shaary,laknaou,laknau,laknauo,laknava,laknaú,lakna?o,lucknow,lucknow city,luknow,ilakno,lakh nea,lakhana'u,lakhanau,laknau,lakno,laksnau,lei ke nao,leokeunau,lkhnw,lknaw,rakunau,???????,??????,???????,??????? ?????,??????,?????,?????,?????,?????,?????,????,????,???????,????,????,????,???????,??????,?????,?????,??????,??????,??????,????,?????,???,????",2472011.0,126.0,26.83928,80.92313
lonavla,"lonauli,lonavala,lonavla",58562.0,631.0,18.75275,73.40575
lakheri,"lakheri,l?kheri",28463.0,237.0,25.67237,76.17692
kokrajhar,"kokradzhar,kokrajhar,?????????",31971.0,48.0,26.40107,90.27286
kizhake chalakudi,"chalakudi,ch?lakudi,kizhake chalakudi,kizhake ch?lakudi",49330.0,15.0,10.30067,76.33763
kishanpur,kishanpur,6104.0,109.0,25.64232,81.0227
khuldabad,"khuldabad,khuld?b?d,rauza",15213.0,734.0,20.00671,75.19245
khandela,khandela,23164.0,489.0,27.60499,75.502
khachrod,"khachrod,kh?chrod",31825.0,493.0,23.42322,75.28185
kerur,"kerur,ker?r",17928.0,629.0,16.01384,75.54631
karambakkudi,"karambakkudi,karambakuduy",12371.0,52.0,10.45866,79.14101
kankauli,"kankauli,kankavali,kankavli",15735.0,54.0,16.26609,73.71217
kanigiri,kanigiri,25045.0,113.0,15.40555,79.50694
kakori,"kakori,k?kori",18332.0,128.0,26.868,80.7857
kaimori,"kaimori,kaimur,kymore",20154.0,374.0,23.38465,79.7442
kanchrapara,"kachrapara,kancharapara,kanchrapara,k?chr?p?ra,k?nchr?p?ra",136954.0,10.0,22.95998,88.42849
jugsalai,"jugsalai,jugs?lai,tatanagar",49410.0,157.0,22.77668,86.18351
jogindarnagar,"jogindarnagar,joginder nagar",5233.0,1175.0,31.98727,76.78906
jaynagar,"jayanagar,jaynagar",20496.0,76.0,26.59048,86.13791
jaspur,jaspur,42524.0,245.0,29.27919,78.82798
jagtial,"jagtial,jagti?l,jagityala,????????",99035.0,282.0,18.79473,78.91661
hatod,"hatod,h?tod",9349.0,540.0,22.79378,75.73928
gwalior,"gwl,gvalior,gwalior,???????",882458.0,220.0,26.22983,78.17337
gulaothi,"gulaothi,gul?othi",46647.0,211.0,28.58938,77.79318
gudalur,"gudalur,g?dal?r",47419.0,454.0,9.67826,77.24951
gorakhpur,"gop,gorakhpur,gorakkhpur,gorakpur,gorakpura,goruckpur,korakhpur,ge lei ke bu er,golakeupuleu,gorakhapura,gorakhapuram,gorakupuru,gwrakpwr,kho rakh pu ra,korakpur,????????,?????????,?????????,????????,????????,???????,?????????,???????,???????,???????,???????,?????????,???????,????????,?????????,??????,?????,?????",674246.0,83.0,26.76628,83.36889
ghiror,ghiror,14011.0,162.0,27.18912,78.79312
ghansor,ghansor,6597.0,566.0,22.65976,79.95013
farrukhnagar,farrukhnagar,39766.0,647.0,17.07787,78.20339
faridnagar,"faridnagar,far?dnagar",11371.0,219.0,28.76923,77.62934
farakka,farakka,21834.0,25.0,24.81667,87.9
egra,egra,32832.0,9.0,21.89947,87.53794
dombivli,dombivali,1193000.0,11.0,19.21667,73.08333
dhaurahra,dhaurahra,20098.0,135.0,27.99814,81.08975
dalkola,dalkola,15285.0,44.0,25.87577,87.84009
dahegam,"dahegam,daheg?m,dehgam,dehg?m",40671.0,79.0,23.16903,72.82161
cuddalore,"cuddalore,gondelour,gudalur,kudalur,kuddalor,kuddalore,k?dal?r,gu da luo er,kadalura,kadaluru,kadaruru,kaddalora,katalur,kudalloleu,kuddalore,????????,?????????,?????,??????,????????,??????????,?????,??????,?????,?????,????,????",158569.0,13.0,11.75617,79.76693
chiknayakanhalli,"chiknayakanhalli,chikn?yakanhalli",24292.0,807.0,13.41609,76.62063
cherrapunji,"cerapunci,cerapundzi,cerapundzis,cherapundzhi,cherapundzi,cherapunjee,cherapunji,cherrapundzhi,cherrapunjee,cherrapunji,cherripunji,czerapundzi,czerapu?d?i,cerapumji,cerapunji,che la pan zhi,chelapunji,cherapunji,cirapunci,cirapunji,cora,qi la peng qi,tshyrabwnjy,çerapunci,?erapundis,?érápu?dí,??????????,?????????,???????????,??????????,??????????,?????????,?????????,?????????,??????????,??????????,?????????,????,????????,?????????,??????????,?????????,??????,????,????,????",11090.0,1505.0,25.30089,91.69619
charkhi dadri,"charkhi dadri,charkhi d?dri,charki dadrai,charki dadri,dadri,d?dri",50558.0,225.0,28.59166,76.27161
chandannagar,"candanagaro,chandan nagar,chandannagar,chandernagor,chandernagore,candananagara,cantannakar,chandanagaleu,chandanagari,chndngr,jin de ne ge er,shanderunagoru,?andanagaro,???????????,???????????,??????,????????,????????,??????????,???????????,????????,?????,?????",180623.0,16.0,22.86225,88.36796
chanasma,"chanasma,ch?nasma",15572.0,71.0,23.71472,72.11279
champahati,"champahati,ch?mp?h?ti",8923.0,10.0,22.40026,88.49209
chaklasi,"chaklasi,chakl?si",38435.0,43.0,22.6532,72.94497
bilasipara,"bilasipara,bil?sip?ra",37739.0,38.0,26.23285,90.2341
bijapur,"bidzapur,bidzapuras,bidzhapur,bidzsapur,bid?apur,bidapuras,bijapur,bij?pur,bídzsápur,bîjâpur,districte de bijapur,vijapura,vijayapur,vijayapura,visiapur,bi gu bu er,bi jia bu er,bijapuleu,bijapura,bijapuram,bijapuru,byjapwr,pijappur,vijapura,????????,???????,???????,?????????,???????,???????,???????,??????????,???????,?????????,??????,????,????",271064.0,606.0,16.82442,75.71537
bhuban,bhuban,20478.0,42.0,20.88197,85.83334
bhor,bhor,18982.0,615.0,18.14861,73.84336
bhojudih,bhojudih,9109.0,158.0,23.63962,86.44105
bhiwani,"bhiwani,bhiw?ni",190855.0,223.0,28.79304,76.13968
belur,belur,9281.0,336.0,11.70752,78.41437
belsand,belsand,19396.0,67.0,26.44365,85.40076
begusarai,"begusarai,begusaraj,begusara'i,begusaraya,bei gu sa lai,bjsaray,pekucaray,?????????,?????????,???????,?????????,????????,????????,????????,?????????,????????,?????????,????",103060.0,47.0,25.41853,86.13389
baswa,baswa,22515.0,299.0,27.14955,76.58345
basi,basi,21096.0,361.0,26.8315,76.04856
barpeta,barpeta,48824.0,47.0,26.32293,91.00632
barnala,"anahadgarh,an?hadgarh,barnala,barn?la,???????",105016.0,237.0,30.37451,75.5487
barjora,barjora,12294.0,81.0,23.42754,87.29037
bariarpur,bariarpur,14595.0,44.0,25.28791,86.57643
bansgaon,"bansgaon,b?nsgaon,b?nsg?on",14282.0,85.0,26.55032,83.34503
banka,"banka,bhagalpur,b?nka",38939.0,85.0,24.88091,86.92257
banjar,"banjar,banj?r",1351.0,1442.0,31.639,77.34055
balangir,"balangir,bal?ng?r,bolangir,bol?ngir",91241.0,187.0,20.70419,83.49029
baisi,baisi,1319.0,42.0,25.86302,87.74487
byndoor,"baindur,bainduri,baind?r,baind?ri,byndoor",20323.0,8.0,13.86667,74.63333
ausa,ausa,34161.0,637.0,18.24728,76.4993
ashoknagar,"ashok nagar,ashoknagar,pachhar,pachh?r,a si huo ke na jia er,acok nakar,ashwk ngr,asokanagara,asokanagara jilla,asokanagaram,???? ???,???????,??????? ??????,?????????,???????,???????,????? ????,???????",64722.0,504.0,24.57578,77.73123
annamalainagar,"anamalainagar,annamalai,annamalainagar,ann?malainagar",8827.0,4.0,11.4,79.73333
amroli,amroli,17082.0,17.0,21.25084,72.83878
amlagora,"amlagora,?ml?gora",19038.0,57.0,22.84616,87.33559
amethi,amethi,12206.0,133.0,28.01667,81.05
alipur duar,"alipur,alipur duar,alipur duars,alipurduar,al?pur du?r",65232.0,49.0,26.4835,89.52286
adilabad,"adilabad,edlabad,edl?b?d,adilabad,adilabadu,atilapat,?dil?b?d,?????????,?????????,?????????",118526.0,257.0,19.67203,78.5359
balapur,balapur,8280.0,543.0,17.31018,78.49969
chandur,"chandur,chand?r",11220.0,503.0,17.87455,78.10017
jorethang,jorethang,3596.0,290.0,27.10696,88.32332
malkajgiri,"ma er ka jie ji li,makajgyry,malakajagiri,malkajaganja,mlkajgyry,?????????,?????????,?????????,??????????,????????????,??????",150000.0,536.0,17.44781,78.52633
palwancha,"paloncha,palwancha",68561.0,87.0,17.58152,80.67651
bhawanipur,bhawanipur,27000.0,75.0,26.45352,87.02744
kunnumma,kunnumma,14918.0,7.0,9.35672,76.41343
tengnoupal,tengnoupal,24588.0,1388.0,24.3855,94.1472
balrampur,balrampur,24588.0,532.0,23.61219,83.61115
kallakurichi,kallakurichi,1682687.0,116.0,11.73379,78.95925
zahirabad,"zahirabad,zahir?b?d",46504.0,626.0,17.68138,77.60743
uttukkuli,"uttukkuli,uttukuli,?ttukkuli",7508.0,295.0,11.16892,77.45431
titabar,titabar,7836.0,102.0,26.6014,94.20386
tiptur,"tiptur,tipt?r",60957.0,862.0,13.2563,76.47768
thana bhawan,"thana bhawan,th?na bhawan",33498.0,253.0,29.58605,77.41811
tekanpur,"takenpur,tekanpur",13681.0,233.0,25.99401,78.28322
tarakeswar,"tarakeswar,ta la kai si wa er,tarakesbara,tarakesvara,tarakyshwr,?????????,?????????,?????????,??????",30475.0,14.0,22.88605,88.01363
tanda,"tanda,t?nda",44822.0,208.0,28.97621,78.94187
soro,soro,29797.0,17.0,21.27851,86.68833
sirathu,"sirathu,sir?thu,sir?th?",13598.0,112.0,25.64292,81.31855
sindgi,sindgi,33770.0,503.0,16.91883,76.23368
shorapur,"shorapur,shoratur,shor?pur,surapur,suratur,s?r?pur",49501.0,480.0,16.521,76.75738
shahapur,"shahapur,sh?h?pur",10965.0,59.0,19.45231,73.32572
sayalkudi,"sayalgudi,sayalkudi,s?yalkudi",12415.0,12.0,9.16925,78.44702
savda,"savda,s?vda",19903.0,224.0,21.15054,75.88938
sausar,sausar,26704.0,360.0,21.65576,78.79669
santoshpur,"santashpur,santoshpur",7635.0,7.0,22.52038,88.26973
sakit,"sakit,sak?t",7811.0,173.0,27.43463,78.77903
saharsa,"saharsa,sakharsa,sa ha er sa,saharasa,saharsa,???????,???????,?????,?????,??????,?????,??????,?????,????????,??????,????",145764.0,48.0,25.87498,86.59611
sabathu,"sabathu,sab?thu,subathu",6691.0,1235.0,30.97494,76.99137
rohru,rohru,8160.0,1537.0,31.20269,77.75484
ramanuj ganj,"ramanuj ganj,r?m?nuj ganj",10701.0,436.0,23.80637,83.69981
ramanathapuram,"ramanathapuram,ramanatkhapuram,ramanatkhapurama,ramanthapuram,ramnad,r?man?thapuram,iramanatapuram,la ma na ta pu la mu,ramanatapuramu,ramanathapuram,ramanathapurama,ramanthapurama,??????????????,???????????????,??????????,???????????,??????????,??????????,??????????,????????????,?????????,???????",65314.0,10.0,9.37158,78.83077
rahon,"rabon,rahon,r?hon",12485.0,263.0,31.05275,76.11907
radhanpur,"radhanpur,r?dhanpur",35457.0,35.0,23.83238,71.6047
rabupura,"rabupura,rab?pura",13949.0,200.0,28.25153,77.60253
purwa,"purwa,purw?",22220.0,128.0,26.45756,80.77403
polur,"polur,pol?r",26290.0,176.0,12.51217,79.12405
piro,piro,28967.0,84.0,25.33218,84.40454
pindwara,"pindwara,pindw?ra",23229.0,375.0,24.79749,73.05505
pennadam,"pennadam,penn?dam",17662.0,52.0,11.40389,79.24156
pawai,pawai,13083.0,327.0,24.26635,80.16196
parshadepur,parshadepur,10690.0,112.0,26.07354,81.49207
pandoh,pandoh,4351.0,864.0,31.66902,77.05359
pandatarai,"pandatarai,p?nd?tarai",11000.0,357.0,22.18714,81.32815
pali,"birsinghapur,pali,p?li,????",21287.0,467.0,23.36453,81.04374
paithan,"paithan,pa'ithana,pai tan,paithana,??? ???,????,??????,??????,??",37360.0,445.0,19.47506,75.38558
nepanagar,"nepa nagar,nepanagar,nep?nagar",32611.0,289.0,21.4538,76.39335
naspur,"naspur,n?spur",15374.0,143.0,18.84577,79.46165
narsingi,"narsingi,n?rsingi",6445.0,551.0,18.04468,78.42516
narnaul,"narnaul,n?rnaul",66049.0,311.0,28.04444,76.10833
naregal,naregal,17403.0,642.0,15.57316,75.80805
nanded,"ndc,nandair,nanded,nander,n?nded,n?nder,nadera,nan dai de,nan ded,nan theth,nandd,nandeda,nandedeu,nandedo,nandera,nandyd,nantet,nantetu,nndyd,??????,??????,?????,??????,??????,?????,??????,???????,???????,?????,????????,????????,??????,??????,??????,???,???",550564.0,363.0,19.16023,77.31497
nainwa,"naenwa,nainwa",16415.0,301.0,25.77145,75.84978
naduvattam,naduvattam,11674.0,1855.0,11.48075,76.54365
mungeli,mungeli,27698.0,287.0,22.06566,81.68543
mau,mau,19299.0,167.0,26.26584,78.67108
malhargarh,"malhargarh,malh?rgarh",7620.0,463.0,24.28286,74.99024
maheshwar,"maheshwar,makheshvar,ma he si he wa er,mahesbara,maheshuwaru,mahesvar,mahesvara,????????,???????,???????,????????,???????,??????",21500.0,161.0,22.17592,75.58715
lasalgaon,"lasalgaon,l?salgaon",13665.0,590.0,20.1427,74.23946
lakshmeshwar,"lakshmeshvar,lakshmeshwar",35140.0,636.0,15.12689,75.46935
kurnool,"kandenavolu,karnul,karnulu,karn?lu,kurmul,kurnool,ka nu er,karanula,karnul,karnulu,karnulu-nagaram,karunuru,krnwl,kuranula,kurnala,kurnula,kwrnwwl,??????,?????,???????,?????,???????-?????,??????,???????,???????,??????,??????,???????,???????,???????,???????,???????,?????,???",460184.0,286.0,15.82887,78.03602
kundarkhi,"kundarkhi,kundarki",27197.0,198.0,28.68304,78.78559
colachel,colachel,23095.0,36.0,8.17938,77.25818
kodoli,kodoli,17537.0,566.0,16.87639,74.1909
kiri buru,kiri buru,9719.0,466.0,22.08333,85.35
kinwat,"kinvat,kinwat",25956.0,317.0,19.62557,78.1987
khamaria,khamaria,15019.0,383.0,23.22558,79.88007
kemri,"kemri,kemr?",26726.0,188.0,28.80673,79.2048
kawardha,kawardha,35238.0,356.0,22.00853,81.23148
katra,katra,6853.0,115.0,27.50871,82.02636
katoya,"katoya,katwa,k?toya",78408.0,22.0,23.64558,88.13258
katangi,"katangi,nagra katangi",17816.0,373.0,23.44124,79.79621
thang,thang,1622.0,2726.0,34.9274,76.79336
wangjing,"vanczin,wangjing,w?ngjing,???????",7528.0,793.0,24.58921,94.06386
wai,"vaj,wai,va'i,???,???? ????????,???,???",32957.0,710.0,17.95276,73.89058
viraganur,viraganur,10854.0,171.0,11.47613,78.73553
vasco da gama,"goi,vasco,vasco da gama,vasko-da-gama,?????-??-????",100485.0,7.0,15.39585,73.81568
udupi,"udipi,udupi,udupi,wu du pi,?????,???",165000.0,33.0,13.33467,74.74617
tirodi,tirodi,8870.0,332.0,21.68522,79.71906
tindivanam,"tindivanam,tindivangam",69839.0,43.0,12.234,79.65551
tellicherry,"talasseri,tellicherri,tellicherry,tellichery,thalassery,ta la si sai er yi,talacceri,talasseri,thalas'serya,tlshyry,??????,??????????,????????,????????,??????",97201.0,10.0,11.74811,75.4929
talcher,"talchar,talcher,t?lcher",38436.0,80.0,20.94927,85.23354
talaja,"talaja,tal?ja",29948.0,25.0,21.3527,72.03524
surajpur,surajpur,24588.0,557.0,23.21347,82.86836
suntikoppa,suntikoppa,3500.0,969.0,12.45594,75.8297
songadh,"songadh,songarh",25269.0,118.0,21.16966,73.56357
sonamura,"sonamura,son?mura",10821.0,23.0,23.47547,91.2659
sojitra,"sojitra,soj?tra",19403.0,30.0,22.53884,72.71984
singur,singur,19402.0,16.0,22.80917,88.22944
shrirangapattana,"shrirangapattana,shr?rangapattana,srirangapatna",23927.0,689.0,12.42264,76.68439
sheopur,"sheopur,sheopur kalan,se'opura,serapura,si he ao pu er,syopura,syopuram,?????????,??????,??????,???????,??????,?????",62416.0,230.0,25.66472,76.69616
sardarshahr,sardarshahr,86672.0,249.0,28.44062,74.491
santokhgarh,"santokgarh,santokhgarh",8877.0,348.0,31.35205,76.31775
sanchor,"sanchor,sanchore,s?nchor",29022.0,62.0,24.75361,71.7728
sadat,"sadat,s?d?t",11211.0,80.0,25.67117,83.30269
rewari,"rewari,rew?ri",112079.0,259.0,28.199,76.6183
reoti,reoti,23819.0,64.0,25.85091,84.3778
ratia,"ratia,?????",26524.0,223.0,29.69029,75.57688
rani,"rani,r?ni",13572.0,281.0,25.35031,73.30885
rajpur,"alirajpur,rajpur,r?jpur",26443.0,288.0,22.30393,74.35568
rajnagar,"rajnagar,r?jnagar",13390.0,228.0,24.88929,79.91178
rajgarh,"rajgarh,r?jgarh",26953.0,314.0,27.23731,76.62243
raipur,raipur,17537.0,336.0,26.04259,74.02373
purushottampur,"purushottampur,purusottampur",14707.0,23.0,19.52024,84.88514
ponnuru,ponnuru,57170.0,10.0,16.06547,80.55203
piriyapatna,"piriyapatna,piriy?patna",16099.0,859.0,12.33497,76.10073
pennathur,"pennathur,pennattur,penn?thur,penn?tt?r",8257.0,151.0,12.24681,79.22592
palladam,palladam,31935.0,371.0,10.99175,77.28633
palera,palera,16554.0,237.0,25.02013,79.22818
padmanabhapuram,"padmanabhapuram,padman?bhapuram,patmanapapuram,????????????",20212.0,35.0,8.24462,77.32581
north guwahati,"north gauhati,north gauh?ti,north guwahati,north guw?h?ti",17516.0,57.0,26.19749,91.7202
neral,neral,16060.0,46.0,19.02475,73.31688
nanpara,"nanpara,n?np?ra",46280.0,138.0,27.86459,81.50036
nalagarh,"nalagarh,n?l?garh",10249.0,400.0,31.04168,76.72285
nahan,"nahan,n?han",27544.0,909.0,30.56029,77.29426
nagod,"nagod,n?god",21732.0,335.0,24.56924,80.58809
nadigaon,"nadigaon,nad?gaon",7597.0,147.0,26.10784,79.02283
nadapuram,"kummankod,nadapuram,n?d?puram",39512.0,24.0,11.68465,75.65493
murud,"janjira,marad,murad,murud",12665.0,14.0,18.32817,72.9621
murbad,"murbad,murb?d",17494.0,79.0,19.25395,73.38993
mudbidri,"mudabidri,mudbidri,m?dbidri",30632.0,130.0,13.06653,74.99525
mohan,"mohan,moh?n",14709.0,126.0,26.78008,80.67497
mehekar,"mehekar,mehkar",41137.0,559.0,20.1505,76.56841
mayakonda,"mayakonda,m?yakonda",6445.0,648.0,14.28894,76.08305
mansar,mansar,6901.0,330.0,21.39602,79.2635
manohar thana,"manohar thana,manohar th?na",10100.0,337.0,24.24,76.80182
mandya,"mand'ja,mandya,man di ya,mandaya,mandya,mantiya,??????,??????,??????,???????,?????????,???????,???????,???????,?????,?????,???",134845.0,681.0,12.5223,76.89746
mandal,mandal,23478.0,437.0,25.44126,74.56979
malegaon,"malegaon,m?legaon,????????",435362.0,432.0,20.54966,74.53462
mahroni,"mahrauni,mahroni",8898.0,374.0,24.58624,78.72771
kukshi,kukshi,26183.0,176.0,22.20677,74.75788
kotra,kotra,8534.0,155.0,25.8077,79.30909
kopargaon,kopargaon,65116.0,504.0,19.88239,74.47605
konganapuram,"konganapuram,kongan?puram",8331.0,232.0,11.57105,77.9004
konch,"konch,kunch,k?nch",52773.0,160.0,25.99451,79.15127
koch bihar,"coh,cooch behar,koch bihar,koch bih?r,kuch bihar,kuch bih?r",78737.0,47.0,26.32539,89.44508
kishanganj,"kishanganj,kishanganj bazar",94807.0,57.0,26.10224,87.95534
kasauli,"ambala,amb?la,kasauli,kosauli",5215.0,1858.0,30.89856,76.96587
kakrala,"kakrala,kakr?la",35690.0,167.0,27.89269,79.1945
kachhwa,"kachhwa,kachhw?",15381.0,82.0,25.20615,82.71442
jhalida,jhalida,18057.0,298.0,23.36545,85.97643
jetpur,jetpur,118068.0,92.0,21.75482,70.62347
jejuri,"jejuri,jej?ri",14063.0,729.0,18.27658,74.16008
jaora,"jaora,jaor?",67203.0,473.0,23.63783,75.12711
jalna,"jalna,j?lna,jalna,jaln?,jlna,?????,?????,????",262034.0,504.0,19.84102,75.88636
jaleshwar,"jaleshwar,jaleswar",23280.0,15.0,21.80176,87.2225
ilkal,ilkal,56937.0,564.0,15.95923,76.11351
hunsur,"hunsur,huns?r,khunsur,??????",47644.0,794.0,12.30359,76.29275
hindoria,"hindoria,hindori?",15142.0,370.0,23.90345,79.56861
hangal,"hangal,h?ngal",26604.0,586.0,14.76465,75.1246
hadgaon,"hadgaon,hadg?on",26451.0,417.0,19.49552,77.65863
gumia,gumia,47121.0,289.0,23.7975,85.82523
guirim,guirim,7057.0,8.0,15.57552,73.80722
gudibanda,gudibanda,9255.0,832.0,13.67099,77.70414
ghumarwin,"ghamarwin,gham?rwin,ghumarwin,ghum?rw?n",6690.0,644.0,31.44166,76.71509
george town,george town,24588.0,13.0,13.0926,80.2801
elayirampannai,"elayirampannai,el?yirampannai",6473.0,103.0,9.27033,77.82494
ganj dundwara,"dundwaraganj,dundw?r?ganj,ganj dundwara,ganj dundw?ra",46314.0,173.0,27.73308,78.94119
dubrajpur,"dubrajpur,dubr?jpur",35087.0,100.0,23.7902,87.37648
dhuri,"dhuri,dh?ri",54302.0,246.0,30.36846,75.86791
dhulian,"dhulian,dhuli?n",77070.0,28.0,24.68127,87.9535
dhola,dhola,8206.0,35.0,21.88129,71.77269
dhandhuka,dhandhuka,30049.0,31.0,22.38185,71.98664
dhampur,"dhampur,dh?mpur",49973.0,241.0,29.30883,78.51083
dehra dun,"dehra,dehra dun,dehra d?n,dehradun,dekhradune,?????????",522081.0,664.0,30.32443,78.03392
damnagar,"damnagar,d?mnagar",17766.0,94.0,21.69232,71.51747
daman,"daman,damanas,damanum,damao,damaun,damán,damão,dam?n,nmb,da man,daman,damana,damani,taman,?????,?????,???,???,???,???,????,????,???,??????,???,??,??,??",39737.0,11.0,20.41431,72.83236
daboh,daboh,18298.0,165.0,26.00239,78.87658
chittur,"chittur,chittur-cochin,chitt?r",31608.0,136.0,10.69967,76.7471
chinnamanur,"chinnamanur,chinnaman?r,chinnammanur",39213.0,366.0,9.83999,77.38109
chhala,chhala,17323.0,97.0,23.30779,72.77404
cheyyur,"chaeur,cheyur,cheyyur,cheyy?r,chey?r",11060.0,14.0,12.34948,80.00304
chettipalaiyam,"chettipalaiyam,chettipalayam,chettip?laiyam",24080.0,408.0,10.91248,77.03699
chaksu,"chaksu,chatsu,ch?ksu,ch?tsu",33098.0,304.0,26.6051,75.94814
chandur,"chandur,ch?ndur",23125.0,248.0,19.73444,79.17167
chamba,"chamba,chambâ,caba,camba,campa,qia mu ba,????,????,?????,????,????,????,???",21502.0,951.0,32.55531,76.12647
bhubaneshwar,"bbi,bbsr,bhubaneshwar,bhubaneswar,bhubane?war,bkhubaneshvar,temple city of india,bhubanesbara,bhuvanesvara,bubaneshuwaru,puvanecuvaram,???????????,?????????,?????????,?????????,???????????,????????",762243.0,62.0,20.27241,85.83385
bhavani,"bhavani,bhav?ni",39744.0,172.0,11.44553,77.68215
bhagwantnagar,bhagwantnagar,6596.0,127.0,26.22383,80.7575
beltangadi,"beltangadi,beltangady",7676.0,652.0,13.98333,75.3
belluru,"bellur,belluru,bell?ru",7626.0,797.0,12.9814,76.73308
bazpur,bazpur,23900.0,227.0,29.15299,79.10814
banswara,"banswara,b?nsw?ra",93648.0,227.0,23.54109,74.4425
balrampur,"balrampur,balr?mpur",77396.0,112.0,27.42949,82.18545
bahua,bahua,10243.0,123.0,25.83942,80.62255
ajodhya,"ajodhija,ajodhjo,ajodhya,ajodkh'e,ajodkh'ja,ajodkhja,ayodhya,oudh,a yue ti ya,ayead'dhya,ayod'dha,ayodhi'a,ayodhya,ayodhye,ayodia,ayodiya,ayotti,aywdya,x yoth ya,???????,???????,??????,??????,???????,??????,???????,???????,???????,??????,???????,???????,???????,??????,???????,????????,??????,???????????,???????,????,????",53293.0,102.0,26.79909,82.2047
arcot,"arcot,arkota,??????",51943.0,173.0,12.90569,79.31897
antri,antri,9787.0,266.0,26.05804,78.21027
anandnagar,"anandnagar,pharenda",11220.0,89.0,27.10062,83.27156
amta,"amta,?mta",16753.0,12.0,22.58344,88.01039
ambasa,"ambasa,ambassa,?mb?sa",6373.0,81.0,23.936,91.85436
amarpur,amarpur,22796.0,64.0,25.03967,86.90247
amarkantak,"amarkantak,a ma er ka en ta ke,amarakantaka,amarakanthaka,??????????,???????,????????,????????,?????????,??????????,???????",7613.0,1042.0,22.67486,81.75908
akalgarh,"akalgarh,ak?lgarh",6993.0,230.0,29.82074,75.89078
kesabpur,kesabpur,10921.0,13.0,22.96833,88.26278
masila,masila,11461.0,9.0,22.58083,88.23278
murudeshwara,"murudeshvara,???????????",17938.0,19.0,14.0943,74.4845
mandamarri,"mandamarri,????????",66176.0,172.0,18.96506,79.47475
kalyandurg,"kalyandrug,kalyandurg,kaly?ndrug,kalyandurg,kaly?ndurg",29272.0,592.0,14.54519,77.10552
artist village,artist village,6000.0,13.0,19.03227,73.04276
kadakkavoor,kadakkavoor,25362.0,15.0,8.67921,76.76714
hatsingimari,hatsingimari,24588.0,30.0,25.70986,89.90078
kamuthi,"kamudi,kamuti,kaumuri",13342.0,33.0,9.40732,78.37337
kalanaur,"kalanaur,kal?naur",17725.0,227.0,28.82823,76.3955
kadambur,"kadambur,kadamb?r",4512.0,96.0,8.99739,77.86191
junnar,"junara,junnar,shivner,jiu na er,jnar,junnar,junnara,?????,????,??????,???????,????????,???",25997.0,683.0,19.20815,73.8752
jhumri telaiya,"jhumri telaiya,jhumri tellaya,jumri tilaiya,jumri tilaiy?,kodarma",76341.0,398.0,24.4349,85.52951
iklehra,iklehra,8969.0,459.0,23.14667,76.39044
hungund,hungund,19036.0,539.0,16.06213,76.0586
harbatpur,"harbatpur,herbertpur",9478.0,448.0,30.43863,77.74058
harihar,"harihar,ha li ha er,harihara,?????,?????,?????,????",78034.0,546.0,14.51288,75.80716
hapur,"hapur,h?pur",242920.0,219.0,28.72985,77.78068
hansot,"hansot,hansut",12525.0,16.0,21.58496,72.80764
hajan,"hajan,h?jan",10800.0,1582.0,34.29895,74.61681
gursarai,"gursarai,gursar?i",25191.0,183.0,25.61677,79.18053
gobindpur,gobindpur,9507.0,212.0,23.83556,86.51853
gaya,"gay,gaya",423692.0,117.0,24.79686,85.00385
gauripur,gauripur,24694.0,33.0,26.08334,89.96118
gadarwara,"gadarwara,g?darw?ra",41420.0,339.0,22.9235,78.7849
forbesganj,forbesganj,45098.0,65.0,26.30253,87.26556
fatehpur sikri,"fatehpur sikri,fatehpur s?kri,fatehpur-sikri,fatekhpur sikri,fatehapura sikari,fth pwr sykry,phatepur sikri,???????? ?????,??? ??? ?????,???????? ?????,??????? ??????",30026.0,213.0,27.0937,77.66003
faridkot,"faridkot,far?dkot",77450.0,207.0,30.67399,74.75579
dungarpur,dungarpur,6105.0,139.0,21.28777,71.7556
dhoraji,"dhorail,dhoraji,dhor?ji",81445.0,63.0,21.73359,70.45004
dhanaura,dhanaura,28285.0,224.0,28.95912,78.25629
dhamtari,dhamtari,87151.0,325.0,20.70718,81.54874
dehu,dehu,5604.0,585.0,18.71851,73.76635
debipur,debipur,9613.0,22.0,24.25029,88.61824
darwha,"darwha,d?rwha,d?rwh?",23062.0,337.0,20.31017,77.77257
dagshai,"dagahai,dagshai,simla",2994.0,1824.0,30.88431,77.05228
dadri,"dadri,d?dri",70609.0,214.0,28.55257,77.55403
chittoor,"chittoor,chittor,chittur,chitturu,chitt?ru,chtwr,cittara,cittur,cittura,citturu,citura,qi te tuo ao er,shytwr,??????,?????,????,?????,???????,??????,???????,????????,????????,?????",24588.0,334.0,13.21055,79.0956
chillupar,"barhalganj,chillupar,chillup?r,chill?p?r",20518.0,80.0,26.28221,83.5064
chhindwara,"chhindwara,chhindw?ra,chindwara,sindwara",134847.0,688.0,22.05697,78.93958
chandia,chandia,13099.0,410.0,23.65647,80.70911
chakrata,"chakrata,chakr?ta",3348.0,2110.0,30.70369,77.86386
bulandshahr,"buelendsehr,bulandshahr,bulandshakhr,bulandshakhre,bulandshar,bülend?ehr,blndshhr,bu lan de si ha he er,bulandasahara,pulantacakar,?????????,??????????,???????????,???? ???,???????,?????????,?????????,??????????,??????????,???????",198612.0,210.0,28.40392,77.85773
bithur,bithur,10602.0,123.0,26.60664,80.27098
bisauli,bisauli,32154.0,185.0,28.30772,78.93678
bihariganj,"bihariganj,bih?r?ganj",32805.0,46.0,25.73415,86.98837
bhinmal,"bhinmal,bh?nm?l",42863.0,153.0,24.99944,72.27141
bharwari,"bharwari,bharw?ri",16411.0,106.0,25.56078,81.49164
bhainsdehi,bhainsdehi,16400.0,767.0,21.64491,77.63023
barkhera kalan,"barkhera,barkhera kala,barkhera kalan,barkhera kal?n",11209.0,181.0,28.45209,79.80655
bari sadri,"bari sadri,bari s?dri",15616.0,500.0,24.41339,74.47331
barh,"barh,barkh,b?rh,????",49557.0,52.0,25.48339,85.70928
baran,"baran,b?r?n,?????",87478.0,271.0,25.1,76.51667
bengaluru,"blr,ban'nkalor,bangalor,bangalora,bangalore,bangalore - bengaluru,bangalore - ????????,bangalore city,bangalur,bangaluri,bangalúr,bengalour,bengaluras,bengaluro,bengaluru,bengalurus,bengalúru,bengal?ras,bengal?ru,baeng-geollo,bagalaura,ban jia luo er,bang kha l xr,bang-galloleu,bangalaura,bangalora,bangalura,bangaroru,beng-gallulu,bengalora,bengaluru,benguluru,bnghalwr,bnglwr,bynglwr,penkalur,??????????,????????,?????????,?????????,??????,???????,??????,???????,??????,??????,?????????,????????,?????????,?????????,??????????,??????,???????,??????????,?????????,?????????,????????,????????,????????,?????????,????????????,?????????,??????,????,????,????,???,????",5104047.0,914.0,12.97194,77.59369
bamna,"bamna,bamnia,b?mnia",9034.0,395.0,23.09454,74.76164
bail-hongal,"bail hongal,bail-hongal",47063.0,687.0,15.8137,74.85895
bahraigh,"bahraich,bahraigh",182218.0,127.0,27.57429,81.59474
auraiya,"auraiya,aurajja,etawah,a'ura'iya,ao lai ye,aura'iya,auraiya,awrya,??????,??????,?????,??????,?????,????????,?????,???",70508.0,144.0,26.46517,79.50918
asika,"asika,aska,?sika",21134.0,45.0,19.61114,84.65998
arukutti,arukutti,17944.0,10.0,9.86667,76.35
araria,"araria,ararija,ar?ria,arariya,ararya,arry?,??????,??????,??????,?????,??????",67474.0,56.0,26.14934,87.51323
annigeri,annigeri,25753.0,631.0,15.42513,75.4335
amreli,"amreli,amrelis,amareli,amreli,amrly,amryly,an lei li,??????,?????,??????,??????,??????,??????,??????,???????,???????,???????,???",99742.0,123.0,21.59983,71.21169
ammapettai,"ammapettai,amm?pettai",8552.0,186.0,11.61975,77.74264
amanganj,"amanganj,am?nganj",13167.0,314.0,24.42664,80.03579
alibag,"alibag,alibagh,alibágh,al?b?g",20752.0,7.0,18.64813,72.87579
krishnapur,krishnapur,7325.0,13.0,22.67028,88.26944
shivaji nagar,shivaji nagar,1000000.0,559.0,18.53017,73.85263
avanoor,avanoor,5000.0,16.0,10.60826,76.1762
shiraguppi,shiraguppi,25000.0,540.0,16.61875,74.70907
garha brahman,garha brahman,1013.0,470.0,23.86873,77.35731
shahdara,shahdara,24588.0,223.0,28.60311,77.13988
shi yomi,shi yomi,13310.0,1347.0,28.52999,94.37322
mulugu,mulugu,297671.0,246.0,18.191,79.943
yavatmal,"yavatmal,yavatm?l,yeotmal,yeotm?l",128175.0,446.0,20.39324,78.13201
wankaner,"vankaner kathiawar,wankaner,w?nk?ner",47814.0,85.0,22.61198,70.94379
udumalaippettai,"udamalpet,udumalaippettai",58571.0,363.0,10.58806,77.24779
tiruvannamalai,"tirruvannamalai,tiruvannamalai,tiruvannamalaj,tiruvann?malai,tiruvannamalai,tiruvu~an'namarai,??????????????,????????????,???????????",138243.0,174.0,12.22662,79.07461
teonthar,teonthar,16578.0,117.0,24.98207,81.64194
tharangambadi,"fort dansborg,tarangambadi,tarangamb?di,tranguebar,trankebar,tranquebar,tarankampati,te lan kui ba,tharangamabari,?????????,??????????,??????????????,???????????,????",20841.0,8.0,11.02764,79.85425
swamimalai,"cuvaimalai,swamimalai,sw?mimalai",7197.0,36.0,10.95747,79.32931
sonipat,"sonepat,sonepat punjab,sonipat,son?pat",250521.0,229.0,28.99478,77.01937
sivagiri,sivagiri,16779.0,196.0,11.12026,77.78811
sibsagar,"sibsagar,sibsagor naga bhumi,sibs?gar,????????",62104.0,94.0,26.98427,94.63784
shergarh,shergarh,14076.0,184.0,28.65128,79.36815
sasni,"sasni,s?sni",13498.0,185.0,27.70287,78.08278
rudraprayag,"rudraprayag,rudrapray?g",2571.0,646.0,30.28467,78.98354
rudarpur,rudarpur,30873.0,79.0,26.44467,83.61302
razole,"razole,r?zole",14204.0,13.0,16.47608,81.83912
rawatbhata,"rawat bhatta,rawatbhaia,rawatbhata,r?watbh?ta",36872.0,367.0,24.92981,75.59209
ranikhet,"ranikhet,rawikhet,r?nikhet,r?n?khet,r?wikhet",19873.0,1804.0,29.64082,79.43229
rajgir,"radzhgir,rajagriha,rajgir,rajgriha,r?jagriha,r?jg?r,???????",38348.0,85.0,25.02828,85.42079
raiwala bara,"raiwala,raiwala bara,r?iw?la,r?iw?la bara,r??w?la bara",5198.0,320.0,30.01864,78.2293
raipur,"rpr,raipur,raipura,raipuras,rajpur,rajpuro,rayapura,raypur,rájpur,lai bu er,laipuleu,ra'ipura,raipuru,ray pwr,rayapura,raybwr,rayppur,raypur,??????,??????,???????,???? ???,??????,??? ???,???????,??????,??????,??????,??????,???????,??????,??????,??????,??????????,?????????,????????,????????,???????,?????,???,????",679995.0,296.0,21.23333,81.63333
periyakulam,periyakulam,40131.0,281.0,10.12268,77.54372
pen,pen,34092.0,22.0,18.73734,73.09603
patan,"patan,p?tan,?????",117863.0,82.0,23.8507,72.12963
parola,"parola,p?rola",37001.0,256.0,20.88098,75.11937
paravur tekkumbhagam,"paravar,paravoor,paravur,paravur tekkumbhagam,parav?r,parav?r tekkumbh?gam",38946.0,23.0,8.7947,76.66798
pallevada,"pallevada,pallev?da",2955.0,8.0,16.5779,81.29463
padampur,padampur,18454.0,170.0,29.70885,73.62539
nipani,"nimpani,nipani,nip?ni",60351.0,608.0,16.399,74.38285
nedumangad,"nedumangad,nedumang?d",58278.0,57.0,8.60267,77.00139
narsinghgarh,narsinghgarh,29981.0,461.0,23.70758,77.09319
naigarhi,"naigarhi,naigarh?,na?garhi,niagurhi",9391.0,325.0,24.78686,81.77868
negapatam,"nagapatinam,nagapattinam,nagappattinam,negapainttam city,negapatam,negapattinam,n?gappattinam,nagapattinamu,nagappattinamu,nakappattinam,?????????????,??????????,?????????",94238.0,10.0,10.76377,79.84313
moradabad,"moradabad,mor?d?b?d,muradabad,mur?d?b?d,?????????",721139.0,205.0,28.83893,78.77684
mohanpur,mohanpur,5596.0,171.0,28.25261,80.24498
mapuca,"mapuca,mapusa,mapuçá,??????",40122.0,14.0,15.59154,73.80898
manoharpur,manoharpur,13189.0,228.0,22.37456,85.19234
mankapur,"mankapur,mank?pur",9746.0,102.0,27.05189,82.22961
manjeri,"manjeri,man jie li,manceri,manjeri,mnjyry,??????,??????,???????,???????,???????,???",89201.0,46.0,11.12018,76.11996
manikpur,"manikpur,m?nikpur",14415.0,243.0,25.06083,81.09961
latehar,"latehar,l?teh?r",20769.0,388.0,23.74423,84.49984
lar,"lar,l?r",26688.0,72.0,26.20394,83.96906
ladnun,ladnun,60490.0,322.0,27.65312,74.39993
kurud,kurud,11290.0,311.0,20.83073,81.72212
kurinjippadi,"kurinjipadi,kurinjippadi,kurinjipp?di",23017.0,22.0,11.55028,79.59066
kosi,kosi,52492.0,195.0,27.79449,77.4368
kosamba,kosamba,33221.0,34.0,21.46202,72.95842
korba,"korba,koraba jila,?????,????? ????",419146.0,289.0,22.3458,82.69633
kombai,"kombai,komebai",13209.0,430.0,9.84745,77.29603
koath,"koath,ko?th",16725.0,88.0,25.32643,84.25983
kharsia,kharsia,18256.0,262.0,21.98953,83.10476
khalilabad,"khalilabad,khal?l?b?d",45321.0,84.0,26.77268,83.07179
keshod,"ixk,keshod,kesod",68518.0,44.0,21.30328,70.24861
karrapur,"karrapur,karr?pur",9993.0,502.0,23.94891,78.86584
karjat,"karjat,ka er gu te,karajata,karjat,karjata,krjt,????,?????,??????,???????,??????,????",34554.0,57.0,18.9107,73.32354
kannad,kannad,42056.0,629.0,20.25684,75.13786
kalundri,kalundri,8101.0,8.0,18.9802,73.12708
jatara,"jatara,jat?ra",17002.0,262.0,25.00964,79.04869
islampur,"islampur,isl?mpur",55691.0,70.0,26.26541,88.18982
ingraj bazar,"english bazar,english b?z?r,ingraj bazar,ingr?j b?z?r",170039.0,32.0,25.00447,88.14573
husainabad,"husainabad,husain?b?d,jopla",26184.0,153.0,24.52849,84.0
handia,"handia,handi?",17861.0,97.0,25.36379,82.18655
gyalshing,"geyzing,gezing,gyalshing,gyalzing",4000.0,1294.0,27.28952,88.25764
gulbarga,"gbi,gul'barga,gulbarga,gulburga,kalaburagi,kalaburgi,kalburgi,kulbarga,glbrgh,gu er bo jia,gulabarga,gulbaleuga,gulbarga,gurubaruga,kalaburagi,kalaburgi,klbrkt,kulparka,????????,?????????,??????,??????,??????,???????,????????,?????????,????????,???????,?????????,?????????,???????,?????????,??????,????????,?????,????,????",483615.0,474.0,17.33583,76.83757
godhra,"godhr,godhra,godkhra,godkhre,ge de la,godhara,godhra,??????,??????,??????,?????,?????,?????,??????,???",131913.0,132.0,22.77547,73.61488
godda,"godda,godd?",43658.0,102.0,24.827,87.2125
garhshankar,"garhshankar,garshankar",16470.0,273.0,31.21537,76.14149
gandhinagar,"gandhinagar,gandinagar,ghandhinagar,ghandinagar,g?ndh?nagar,gandhinagara,gandhinagaram,gandinagaru,ganjinagaru,kantinakar,??????????,???????????,?????????,?????????,????????,??????????,??????,????????",195985.0,54.0,23.21667,72.68333
galiakot,"galiakot,gali?kot",6906.0,136.0,23.51995,74.02028
dinhata,"dinhata,d?nh?ta",42381.0,42.0,26.13526,89.46129
digapahandi,"digapahandi,digapanahdi",11166.0,73.0,19.37275,84.57184
dhrangadhra,"dhrangadhra,dhrangadra,dhr?ngadhra,dhr?ngadra",75578.0,51.0,22.99167,71.46793
deori,deori,12286.0,267.0,21.45,82.61667
calangute,"calangute,kalangut,????????",17446.0,1.0,15.5439,73.7553
chirala,"chirala,ch?r?la",87001.0,11.0,15.82385,80.35219
chiplun,"chiplun,chipl?n",51437.0,14.0,17.53339,73.50935
chelakara,chelakara,8936.0,44.0,10.69289,76.34387
budhana,"budhana,budh?na,budhana,?????",35442.0,240.0,29.28805,77.47534
bhopal,"bho,bhojpal,bhopal,bhopala,bhopalas,bhopalo,bhopál,bhop?l,bhop?la,bhópál,bkhapal,bkhopal,bopal,bópal,bhopal,bhopala,bo pa er,bopal,boparu,bwbal,bwpal,popal,??????,?????,??????,??????,?????,?????,?????,??????,??????,?????,?????,?????,?????,?????,?????,??????,??????,??????,???????,???????,????,?????,???,??",1599914.0,523.0,23.25469,77.40289
bhinga,bhinga,22016.0,122.0,27.70283,81.9343
bela,"bela,bela partabgarh,partapgarh,pratapgarh,????",73992.0,97.0,25.92058,81.99629
basni,"basni,basni bailima,?????",23414.0,306.0,27.17232,73.64519
basar,"basar,b?s?r",4157.0,620.0,27.99008,94.69451
barakpur,"barakpur,barrackpore,b?r?kpur,chanak",148174.0,12.0,22.76602,88.36336
bali,bali,19259.0,299.0,25.19725,73.29117
bakhtiyarpur,bakhtiyarpur,34533.0,55.0,25.46179,85.53179
arsikere,arsikere,44269.0,809.0,13.31446,76.25704
annur,"annur,ann?r",19962.0,378.0,11.23616,77.10514
anjad,anjad,24286.0,165.0,22.04171,75.05519
andol,andol,24645.0,503.0,17.81458,78.07713
amguri,amguri,8494.0,104.0,26.81482,94.52614
amet,amet,17434.0,584.0,25.30609,73.9258
akodia,akodia,11278.0,463.0,23.38027,76.59875
aklera,"akera,aklera",19683.0,321.0,24.41288,76.56719
agra,"agr,agra,agra - agara,agra - ????,lungsod ng agra,a ge la,agara,ageula,agra,agura,akra,?gra,?gr?,????,????,????,????,????,?????,?????,?????,????,?????,???,???",1430055.0,166.0,27.18333,78.01667
vadlamuru,vadlamuru,10000.0,21.0,17.09545,82.16565
parwanoo,parwanoo,8609.0,789.0,30.83716,76.96143
paikpara,paikpara,2000.0,29.0,24.77121,87.92251
pangin,pangin,24588.0,509.0,28.21022,94.98873
visnagar,visnagar,68619.0,136.0,23.69855,72.5521
vettavalam,vettavalam,13808.0,158.0,12.10769,79.24516
varanasi,"banaras,banares,ban?ras,benares,benarés,kashi,kasi,k?si,vns,varanasi,varanasio,varanasis,varanassi,vârânasî,v?r?nasi,waranasi,balanasi,baranasi,bnars,faranasy,kasi,pha ran si,varanaci,varanasi,wa la na xi,waranashi,waranasy,waransy,????????,?????,????????,????????,???????,???????,????,???????,???????,???????,???????,???????,????,????",1164404.0,86.0,25.31668,83.01041
valangaiman,valangaiman,11550.0,30.0,10.89012,79.39322
uri,uri,6755.0,1371.0,34.08064,74.05088
uran,"uran,arn,urana,????,???,???,????",25598.0,7.0,18.87813,72.93924
turaiyur,"turaiyur,turaiy?r,turalyur",32134.0,146.0,11.14968,78.5987
tura,tura,63645.0,313.0,25.51421,90.20239
thrissur,"thrissur,trichur,trichura,tiruccur,trssu?,???????,??????????,???????",325110.0,7.0,10.51667,76.21667
titagarh,"titagarh,tit?garh",127751.0,10.0,22.74252,88.37326
thoubal,"thoubal,thoub?l",44493.0,780.0,24.63881,93.99639
tawang,"mon tawang,mön tawang,t'a-wan,tang shyo,tavang,tawang,tawang shyo,tawang town,towang,ta-wan,da wang zhen,ta'oyam,taraam,tavan nakaram,tavanga,tawanga,tawanj,??????,??????,?????,?????,??????,???????,?????,??????,????? ?????,???",4831.0,2432.0,27.57417,91.92437
tamluk,"tamluk,taml?k",48646.0,8.0,22.30083,87.92593
talgram,"talgram,t?lgr?m",10629.0,151.0,27.04753,79.64811
supaul,supaul,60020.0,56.0,26.11527,86.59509
sujangarh,"sujangarh,s?j?ngarh",183808.0,319.0,27.7,74.46667
srinagar,"shrinagar,srinagar,srinagar garhwal,sr?nagar,????????",20216.0,554.0,30.22243,78.78341
sri madhopur,"sri madhopur,sri m?dhopur",30281.0,502.0,27.46599,75.59736
sonamukhi,"sonamukhi,son?mukhi",28334.0,66.0,23.30521,87.41336
sojat,sojat,42556.0,280.0,25.92493,73.66633
sirpur,"sirpur,sirpur-tandura",10116.0,174.0,19.47953,79.57558
sikandra,sikandra,12289.0,141.0,26.36722,79.6298
siddapur,"siddapur,sidd?pur",14769.0,592.0,14.34322,74.894
shahgarh,"shahgarh,sh?hgarh",14830.0,389.0,24.31365,79.11806
sarubera,sarubera,3310.0,345.0,23.81813,85.99628
sardhana,sardhana,49857.0,238.0,29.14551,77.61433
sarai ekdil,"sarai ekdil,sar?i ekdil",10594.0,153.0,26.74442,79.09353
sapatgram,"sapatgram,sapatgr?m",11714.0,43.0,26.33732,90.1236
sanchi,"sanchi,s?nchi",7302.0,427.0,23.48646,77.7378
sambhar,"sambhar,sambhar lake,sambkhara,s?mbhar,????????",22828.0,379.0,26.90806,75.19137
rusera,rusera,28781.0,52.0,25.75355,86.02597
rayachoti,"rayachoti,r?yachoti",81433.0,361.0,14.05723,78.75056
rath,"rata,rath,r?th,????",61728.0,171.0,25.59474,79.5666
ratangarh,ratangarh,66625.0,312.0,28.08137,74.61854
ranapur,"ranapur,r?napur,r?n?pur",10675.0,377.0,22.64704,74.52118
rampura,rampura,45639.0,218.0,30.256,75.24116
rampur,"rampur,r?mpur",296418.0,196.0,28.81014,79.02699
ramnagar,"ramnagar,r?mnagar",8166.0,829.0,32.80728,75.31119
rajura,"rajura,r?j?ra",28881.0,193.0,19.77947,79.36459
rajpura,"kajpura,rajpura,r?jpura",86820.0,273.0,30.47856,76.59284
rajgarh,"rajgarh,r?jgarh",17113.0,518.0,22.67821,74.94483
rajapur,"majhgawan,majhgaw?n,rajapur,r?j?pur",13962.0,111.0,25.38725,81.15125
puttur,"puttur,putt?r",53331.0,100.0,12.75975,75.20169
puducherry,"pny,pondicero,pondicheri,pondicherri,pondicherry,pondichery,pondichéri,pondichéry,pondiseri,pondisheri,pondi?ero,ponducherry,pondy,poudhucherry,puduchcheri,puducherri,puducherry,puduvai,territoire de pondichery,territoire de pondichéry,ben de zhi li,ben de zhi li shi,pandiceri,panticceri,pondiceri,pondisheri,?????????,?????????,??????????,?????????,?????????,????????????,?????????,???????,????,?????",227411.0,11.0,11.93381,79.82979
pokaran,"pokaran,pokhran",21014.0,233.0,26.92007,71.91631
pipar,pipar,34630.0,259.0,26.38441,73.54394
perumpavur,perumpavur,27105.0,32.0,10.11544,76.47611
payyannur,"payyannur,payyann?r,payyanur",70069.0,11.0,12.0935,75.20249
pataudi,"pataudi,pa tao di,pataudi,pattoti,?????,?????,???????,???",18248.0,235.0,28.32547,76.77858
pasan,"pasan,pas?n",30928.0,536.0,22.84412,82.19823
parvatipuram,"parvatipuram,p?rvatipuram,p?rvat?puram,parvatipuram,???????????",52085.0,128.0,18.78392,83.42569
panamaram,panamaram,11651.0,728.0,11.74014,76.07369
omalur,"omalur,omal?r",12701.0,280.0,11.74099,78.04559
north lakhimpur,"ixi,lakhimpur,north lakhimpur,auyam laksipura,lakhimapura,nuo er te la ji mu pu er,uttara lakhimapura,uttara laksmipura,uttara-lakhimapuram,uttari lakhimapura,????? ????????,????? ???????,?????-?????????,?????? ???????,???????,????? ???????,????? ???????,????? ????????,???????,????? ??????????,????????",59841.0,96.0,27.23517,94.10357
nattam,"nattam,nuttam",21888.0,252.0,10.22776,78.22969
narnaund,"narnaund,n?rnaund",16299.0,230.0,29.22047,76.14278
nandgaon,nandgaon,10449.0,198.0,27.71102,77.38653
nagda,"nagda,nagda-dhar",103501.0,470.0,23.45834,75.41759
muttupet,"muttapet,muttupet,mutupet",21568.0,8.0,10.39505,79.49353
morinda,"morinda,murinda,m?rinda,???????",23536.0,284.0,30.79014,76.49883
mundi,mundi,11409.0,304.0,22.06693,76.49326
muhammadabad,"muhammadabad,muhammad?b?d",33186.0,73.0,25.61907,83.75576
mudkhed,mudkhed,20776.0,373.0,19.15657,77.50304
mokameh,"mokama,mokamah,mokameh,mok?ma",55203.0,50.0,25.39662,85.9219
marayur,"maraiyoor,maraiyur,maraiy?r,marayoor,marayur",25000.0,989.0,10.27641,77.16205
manipal,"manipal,manipala",34370.0,90.0,13.35,74.78333
mairwa,mairwa,20163.0,72.0,26.23218,84.16349
mahendragarh,"kanaud,k?naud,mahendragarh,mohindargarh",25728.0,276.0,28.26935,76.15253
madhoganj,"hardoi,madhoganj,m?dhoganj",10299.0,142.0,27.11807,80.14058
kutiatodu,"kuthiathode,kutiatodu",22880.0,9.0,9.8,76.33333
kurgunta,kurgunta,8682.0,425.0,17.19321,77.35772
kudal,"kudal,kud?l",14432.0,28.0,16.01148,73.68867
kottapalli,kottapalli,9899.0,294.0,18.49543,79.0943
kopaganj,"kopaganj,kop?ganj",33539.0,78.0,26.01923,83.5663
yairipok,yairipok,8797.0,791.0,24.67792,94.04767
yadgir,"yadgir,y?dg?r",65376.0,379.0,16.77007,77.13755
wellington,"vellington,wellington,wellington town,??????????",20254.0,1847.0,11.36552,76.78442
washim,"basim,b?sim,washim,w?sh?m",68622.0,550.0,20.11128,77.133
walajabad,"dandei sivaram,dandei s?varam,walajabad,wallajahbad,w?l?j?b?d",10543.0,62.0,12.79041,79.82358
venkatagiri,"venkatagiri,venkatagiri town",32761.0,68.0,13.96005,79.58032
vandalur,"vandalur,vandal?r",13715.0,33.0,12.8924,80.08079
uttiramerur,"uttaramerur,uttaramer?r,uttiramerur,uttiramer?r",24315.0,63.0,12.61433,79.75748
ulhasnagar,"ulasnagar,ulhasnagar,ulh?snagar,ulkhasnagar,al?asngr,awlasnagr,awlhsngr,ul'hasanagara,ulahasanagara,ulhaseunagaleu,ullasanagara,uruhasunagaru,wu er ha si ne ge er,?????????,??????????,????? ??? ?????,????????,???????,?????????,????????,?????????,?????????,????????,????????,???????,??????",516584.0,10.0,19.21667,73.15
trimbak,trimbak,10590.0,724.0,19.93268,73.52907
cheyyar,"cheyyar,tiruvattiyur,tiruvattiy?r,tiruvetipuram,tiruvettipuram",36527.0,99.0,12.66052,79.54308
tiruvalla,"thiruvalla,tiruvalla",57223.0,14.0,9.3816,76.57489
tarikere,tarikere,37848.0,685.0,13.70954,75.81382
taranagar,"reni,taranagar,t?r?nagar",29392.0,232.0,28.6686,75.03207
talwara,"talwara,talw?ra",24752.0,356.0,31.9376,75.88657
tadpatri,"tadpatri,t?dpatri",93044.0,240.0,14.90832,78.01031
sultanpur,"sultanpur,sult?npur",9419.0,368.0,23.13812,77.93404
suket,"suke,suket,suket-kotah",19851.0,329.0,24.64609,76.0417
sriperumbudur,"sriperumbubur,sriperumbudur,sr?perumb?d?r",17253.0,46.0,12.96763,79.94197
srinivaspur,"srinivaspur,sr?niv?spur",25760.0,828.0,13.33914,78.21175
simaria,"semaria,simaria",14045.0,298.0,24.79497,81.152
silao,"silao,vikramasila,?????",21828.0,70.0,25.08358,85.42804
sikandarabad,"sikandarabad,sikandar?b?d,sikandrabad",73379.0,209.0,28.45226,77.70004
shupiyan,"shupiyan,shupiyon,shup?yan,shwbyan,shwpya?,??????,??????",13565.0,2055.0,33.71723,74.83413
shikarpur,shikarpur,33273.0,615.0,14.2698,75.35643
shahjanpur,"shahjahanpur,shahjanpur,sh?hjah?npur,sh?hj?npur",320434.0,158.0,27.88165,79.90918
seoni malwa,"seoni malwa,seoni marwa,seoni m?lwa,seon? m?lw?",28334.0,319.0,22.45046,77.4665
savanur,"savanur,savan?r",37819.0,590.0,14.97335,75.33724
sankrail,"sankrail,shankrail,s?nkr?il",27523.0,8.0,22.54997,88.22515
sanguem,sanguem,6119.0,26.0,15.22901,74.15149
selu,"sailu,selu",42879.0,424.0,19.45512,76.44073
sadalgi,"sadalga,sadalgi",22135.0,548.0,16.5587,74.53211
sadabad,"sadabad,sad?b?d",36093.0,171.0,27.43818,78.03758
roha,roha,8664.0,175.0,23.19646,69.27076
robertsonpet,robertsonpet,135218.0,851.0,12.95629,78.27539
ringas,"reengus,ringas,ringus,r?ngas",25171.0,475.0,27.3636,75.56838
queula,queula,5699.0,37.0,15.39011,73.98557
punjai puliyampatti,punjai puliyampatti,15066.0,308.0,11.35163,77.16671
pratapgarh,"partabgarh city,partapgarh,pratapgarh,prat?pgarh",13672.0,101.0,25.89509,81.9424
polasara,polasara,20577.0,84.0,19.69386,84.81401
phalodi,phalodi,46788.0,228.0,27.13102,72.36826
pardi,"pardi,p?rdi",27423.0,27.0,20.5087,72.94569
paramagudi,paramagudi,85695.0,46.0,9.54633,78.5907
panna,panna,46791.0,404.0,24.72094,80.18772
palghar,"palghar,p?lghar",72335.0,17.0,19.69693,72.76543
palasa,"palasa,pal?sa,palasa,????",65833.0,36.0,18.77257,84.41012
pachperwa,pachperwa,15056.0,108.0,27.51234,82.64297
nuh,"nuh,n?h",12698.0,200.0,28.10296,77.00144
nilgiri,"nilagiri,nilgiri,n?lgiri,raj nilgiri",15462.0,46.0,21.46235,86.76794
nidadavole,"nidadavol,nidadavole",44173.0,21.0,16.90572,81.67222
neturhat,"netarhat,netarh?t,neturhat,neturh?t",4424.0,1086.0,23.47457,84.2678
naugachhia,"naugachhia,naugachia",41247.0,39.0,25.38807,87.09906
nasirabad,"nasirabad,nas?r?b?d",51747.0,435.0,26.30473,74.73364
nakur,"nakur,nak?r",23084.0,272.0,29.91964,77.30438
nagaur,"nagaur,nagaur marwar,n?gaur",96847.0,305.0,27.20201,73.73394
nagar,nagar,23546.0,203.0,27.42397,77.09922
mudgere,"mudgere,mudigere",9322.0,963.0,13.13353,75.6416
mowad,"mowad,mowar,mow?d,mow?r",9045.0,407.0,21.46475,78.45103
misrikh,misrikh,15007.0,142.0,27.43137,80.53157
mendarda,mendarda,17166.0,91.0,21.32112,70.44078
malur,"malur,m?l?r",30677.0,914.0,13.00322,77.93798
mallapuram,"mallapuram,mall?puram,manapuram",11837.0,428.0,11.98231,78.24796
makhu,makhu,12886.0,213.0,31.10335,74.99631
mahasamund,"mahasamund,mah?samund",50441.0,299.0,21.10743,82.0948
madukkur,"madukkur,madukk?r",15631.0,24.0,10.48098,79.39939
lalgudi,"lalgudi,l?lgudi,ilalkuti,la er gu di,lalagudi,lalaguri,???????,???????,????????,???????,?????????,????",20916.0,66.0,10.87419,78.81935
kunnattur,"kunnattur,kunnatt?r,kunnatur",7326.0,362.0,12.34782,78.51046
kumaralingam,kumaralingam,12093.0,323.0,10.48936,77.3499
kotamangalam,kotamangalam,37543.0,26.0,10.06435,76.62843
kosigi,"kesigi,kosgi,kosigi",15455.0,386.0,15.8551,77.24463
kodungallur,"cranganore,cranganur,cr?ngan?r,kodungallur,kodungall?r,methala,muchiri,muchiripattinam,muyirikkodu,muziris,shinkli",34210.0,12.0,10.23263,76.19513
khusropur,khusropur,12976.0,56.0,25.48174,85.38492
khudaganj,khudaganj,12636.0,166.0,28.14607,79.71472
kharhial,"kharhial,kharhi?l,khariar,khari?r",14007.0,244.0,20.28845,82.7606
kharar,kharar,45691.0,313.0,30.74632,76.64689
khandwa,"kandva,khandwa,kan de wa,khandava,khando'oya,khandoraa,khandva,??????,?????,??????,???????,??????,??????????,????????,?????,???",182841.0,314.0,21.82427,76.35086
khammam,"khammam,khammamett,khammamette,kkhammam,ka mu ma mu,kam'mam,kham'mam,kham'mama,khamam,???????,?????,????,?????,??????,???????,?????,??????,?????,????",170503.0,120.0,17.24767,80.14368
khairabad,"khairabad,khair?b?d,khairabada,???????",42125.0,140.0,27.52698,80.75461
kenduadih,"kenduadih,kenduad?h",9032.0,210.0,23.77574,86.37609
kekri,kekri,37850.0,358.0,25.97132,75.14992
katihar,"hafiz saifganj,katihar,katih?r",192555.0,34.0,25.53852,87.57044
karhal,karhal,26693.0,160.0,27.00089,78.93935
kamarhati,"kamarhati,kamarhatty,k?m?rh?ti",332965.0,8.0,22.67111,88.37472
kalol,"kalol,k?lol",25929.0,88.0,22.60777,73.46272
kalamnuri,"kalamnuri,kalamn?ri",22708.0,462.0,19.67386,77.31149
iawar,"iawar,i?war,jawar,j?war",7753.0,496.0,23.00943,76.5007
jaunpur,"caunpur,dzhaunpur,jaunpur,jawnpur,jaunapura,jaunapuram,jaunpuru,jauyanapura,jwn pwr,jwnfwr,jwnpwr,jwnpwr  atrprdysh,qiao en pu er,????????,??? ???,??????,??????,??????? ????????,??????,????????,?????????,??????,??????,????",169572.0,85.0,25.75356,82.68689
jajpur,"gaypur,jajpur,j?jpur",42157.0,15.0,20.84852,86.33729
jaito,jaito,34346.0,211.0,30.45126,74.89189
jaitaran,"jaitaran,jait?ran",21403.0,306.0,26.20446,73.93676
jahangirpur,"jahangirpur,jah?ng?rpur",10042.0,199.0,28.17919,77.70501
jagdispur,"jagdispur,jagd?spur",31029.0,76.0,25.46811,84.41939
hosur,"hosur,hos?r,oossoor",103724.0,871.0,12.73647,77.83264
hisua,"hisua,hisu?",27943.0,101.0,24.8336,85.41729
hesla,hesla,6286.0,370.0,24.06313,85.87905
hazaribagh,"hazaribag,hazaribagh,hazarybaugh,haz?rib?gh,haz?r?b?g,khazaribag,hajaribaga,?????????,????????",140063.0,621.0,23.99241,85.36162
hampi,"conjunto monumental de hampi,hampe,hampi,hampis,khampi,hamby,hampe,hampi,hampy,hanpi,heng bi,?????,?????,?????,?????,????,?????,??????,?????,??????,?????,????,????,????,?????,???,??,??",10000.0,428.0,15.3352,76.4603
gyanpur,"gyanpur,gy?npur",13466.0,91.0,25.33268,82.46637
guhagar,"guhagar,guh?gar",3425.0,21.0,17.48415,73.19289
golakganj,"golakganj,golakgans",8124.0,31.0,26.10216,89.82275
gokul,gokul,4351.0,174.0,27.43926,77.72019
faridabad,"faridabad,faridabadas,far?d?b?d,qnf,faridabado,pharidabada,?????????,????????,???????,?????????",1220229.0,209.0,28.41124,77.31316
erattupetta,"erattupetta,eratupeta,er?ttupetta",33408.0,29.0,9.68747,76.77891
dharmapuri,"dharmapuri,dkharmapuri,da er ma pu li,darumapuri,dharmapuri,tarmapuri,??????????,????????,?????????,????????,?????,?????",66017.0,468.0,12.1277,78.15794
dhali,dhali,6494.0,391.0,10.51049,77.18806
dattapur,dattapur,21763.0,295.0,20.78075,78.1407
dasuya,"dasua,dasuya,das?a,das?ya",20697.0,260.0,31.81679,75.6531
dasna,"dasna,d?sna",27926.0,221.0,28.67736,77.52252
dinapore,"danapur,dinapore,d?n?pur",152940.0,59.0,25.63705,85.04794
clement town,clement town,20806.0,607.0,30.26361,78.00862
chilakalurupet,chilakalurupet,94011.0,32.0,16.08987,80.16705
chetput,"chetpat,chetpet,chetput,madras chetput",18326.0,12.0,13.07,80.24083
chatra,"chatra,chatr?",46844.0,440.0,24.20645,84.87085
chail,chail,8407.0,105.0,25.42654,81.63198
kolkata,"ccu,calcuta,calcutta,calcutá,calcúta,caligardamana,kaelkuettae,kal'kuta,kal'kutta,kal'kuttae,kalikata,kalik?t?,kalkata,kalkota,kalkouta,kalkueta,kalkuta,kalkutta,kalkútta,kalküta,kolkat,kolkata,kolkate,kolkato,kolk?ta,kälküttä,k?lk?t?,sealdah,jia er ge da,jia li ji da,kalakata,kalakatta,kalikata,kalkata,kea?kkatta,klkta,klkth,klkwth,ko l ka ta,kolakata,kolkata,kolkatta,kol?kata,korukata,kwlkata,k?olk?at?a,qwlqth,????????,????????,????????æ,?????????,???????,???????,???????,??????,???????,??????,?????,???????,?????,?????,???????,????????,???????,???????,???????,??????,???????,???????,??????,?????????,?????????,????????,?????????,???????,?????????,??????????????,???????,????,????,????,????,???",4631392.0,11.0,22.56263,88.36304
binka,"binika,binka",15095.0,126.0,21.02626,83.81197
bilaspur,"bilaspur,bil?spur",14037.0,496.0,31.33027,76.75663
bikapur,"bikapur,b?k?pur",13177.0,105.0,26.59534,82.13272
bhindar,"bhindar,bhind?r,bh?ndar",16945.0,496.0,24.50235,74.18551
bhikangaon,bhikangaon,15321.0,283.0,21.86764,75.96391
bhanpura,"bhanpura,bh?npura",17082.0,399.0,24.513,75.7469
benaulim,"benaulim,????????",10224.0,19.0,15.26435,73.92812
bansdih,"bansdih,b?nsd?h",21457.0,68.0,25.88377,84.21827
attayyampatti,"attayampatti,attayyampatti,?ttayy?mpatti",13627.0,235.0,11.53272,78.05363
atmakur,atmakur,35137.0,295.0,15.88109,78.58704
arambagh,"arambagh,ar?mb?gh",60639.0,23.0,22.88333,87.78333
anshing,"anshing,ansing,ansing (shrungarushi maharaj)",19000.0,549.0,20.0409,77.31501
alandur,"alandoor,alandur",153775.0,15.0,13.0025,80.20611
aizawl,"ajl,ai jal,aidzhal,aijal,aizal,aizavlis,aizawl,aizol,aizwal,ajzol,a'ijala,a'ijola,a'izola,ai zao er,aijali,aijaul,aijavla,aijhavala,aijhola,aijola,aizauru,aycal,ayyzwl,ayzal,ayzwal,??zawl,??????,??????,?????,?????,??????,??????,??????,?????,?????,????,????,????,??????,?????,?????,???????,????????,????,??????,?????,???,????",265331.0,1080.0,23.72894,92.71791
ahwa,ahwa,14321.0,474.0,20.75718,73.68626
borkhera,borkhera,3440.0,285.0,25.52115,75.64028
dasnapur,dasnapur,19962.0,265.0,19.65399,78.51213
serilingampalle,"serilingampalle,serilingampally",150525.0,564.0,17.49313,78.30196
govindapuram,govindapuram,3000.0,44.0,16.15477,80.10279
kalmeshwar,kalmeshwar,19386.0,334.0,21.23219,78.91988
kalanaur,"kalanaur,kal?naur",13671.0,259.0,32.01227,75.15063
jhalrapatan,"jhalrapatan,jhalrapatan chhroni,jhalrapatan city,jhalrapatna city,jh?lrap?tan,jh?lrap?tan chhroni,patan,p?tan",33121.0,318.0,24.54205,76.17242
jansath,"jansath,j?nsath",19467.0,243.0,29.32502,77.85044
jammu,"dzammu,dzamu,dzhammu,dzhamu,dammú,damu,gamu,ixj,jammu,jammu city,cam'mu,gu mu mu,jam'mu,jammu,jamu,janmu,?amu,????,??????,?????,????,?????,?????,????,?????,?????,?????,???,??",465567.0,379.0,32.73569,74.86911
jalgaon,"dzalgaon,dzhalgaon,dzhalgaone,galgaon,jalgaon,j?lgaon,jalagamo,jalagamva,jalaganva,jalagava,jalgaw,jalgawn,jalkav,jia er gang,jlgawn,?algaon,???????,????????,?????????,??????,???????,??????,??????,??????,?????,?????,???????,??????,???????,???",429298.0,227.0,21.00292,75.56602
jalali,"jalali,jal?li,jal?l?",18177.0,190.0,27.8668,78.25267
hukeri,"hukeri,hu kai li,hukeri,hukkeri,hukkeri taluka,??????,????????,???????? ??????,??????,????????,???",20824.0,652.0,16.23082,74.60244
hamirpur,"hamirpur,ham?rpur",19280.0,768.0,31.68411,76.52506
haldaur,haldaur,18686.0,238.0,29.28988,78.28437
hajipur,"hajipur,hajjipur,h?jipur,h?jj?pur,h?j?pur,khadzhipur,????????",5680.0,307.0,31.97714,75.75438
gudlavalleru,gudlavalleru,10902.0,11.0,16.35,81.05
gua,gua,11388.0,392.0,22.21361,85.38774
gondia,"gondia,gondija,gondiya,gondi?,gonadiya,gondiya,gondiya jila,gondiya jille,gong di ye,??????,???????,??????? ????,????????,????????,??????? ??????,???",124897.0,322.0,21.46026,80.19205
golaghat,"golaghat,gol?gh?t",34372.0,101.0,26.51167,93.95951
gokak,"gokak,gok?k,?????",73478.0,555.0,16.16901,74.82393
gingee,"gingee,gingi,cenci,ginji,jing ge ai ai,jingi,jinji,shenji,??????,?????,??????,??????,????,????",21530.0,89.0,12.25282,79.41727
giddalur,"giddalur,giddal?r",28142.0,265.0,15.37439,78.92609
garhakota,"garhakota,garh?kota,garh?kot?",28114.0,391.0,23.7791,79.14321
firozabad,"firozabad,f?roz?b?d",306409.0,169.0,27.15092,78.39781
fatehgarh,fatehgarh,14847.0,153.0,27.36409,79.63111
farrukhabad,"farrukhabad,farrukh?b?d",241152.0,156.0,27.39134,79.5793
erode,"brod,erode,irodu,periyar,periy?r,ai luo de,elodeu,eroda,erode,iread,iroda,irodo~u,irotu,????,?????,????,????,????,????,?????,????,????,?????,?????,??????,???,???",147270.0,170.0,11.3428,77.72741
dwarka,"dvarka,dwarka,dw?rka,??????",35837.0,15.0,22.23944,68.96778
dondaicha,dondaicha,46018.0,163.0,21.3236,74.56804
doiwala,"doiwala,doiw?la",8247.0,484.0,30.17667,78.11659
dibrugarh,"dib,dibrugarh,dibrugarkh,lakhinpur,di bu lu jia er,dibraugara,dibrgara,dibrugadh,dibrugadha,dibrugara,dibrugara-nagaram,dibrugarha,dybrwjarh,tiprukar,?????????,?????????,???????,????????-?????,?????????,????????,?????????,?????????,????????,???????,??????????,?????????,?????",122155.0,110.0,27.47989,94.90837
darlawn,darlawn,3962.0,1119.0,24.01336,92.92439
dariba,dariba,3076.0,494.0,24.94865,74.1342
damoh,"damoh,da mo,dameah,damoha,????,?????,?????,?????,?????,??",118776.0,378.0,23.83312,79.4419
dadra,"dadara,dadará,dadra,d?dra,?????",2000.0,37.0,20.32504,72.96618
chechat,chechat,11138.0,333.0,24.76667,75.88333
buguda,buguda,14297.0,90.0,19.80806,84.79084
mumbai,"asumumbay,bom,bombai,bombaim,bombaj,bombay,bombaya,bombej,bombejus,bomb?jus,bumbaj,b?mbaj,dakbayan sa bombay,lungsod ng mumbai,moembaai,mumbai,mumbai - ??????,mumbaj,mumbaja,mumbajo,mumbajus,mumbay,mumbaî,numbai,vomvai,bamba'i,bmbyy,bwmbay,gretara mumba'i,meng mai,mmbay,mmbyy,mu0bai,muba'i,mum bi,mumba'i,mumbai,mumpai,munbai,mwmbay,mwmbyy,mymbais,pullapa mumba'i,??????,??????,??????,??????,??????,??????,??????,??????,???????,??????,??????,?????,??????,??????,?????,?????,?????,??????,??????,??????,????????,?????? ??????,?????,?????,??????,??????? ???????,??????,???????,?????,?????,???????,??????,?????,?????,?????,?????,?????,????????,???????????????,??????,????,??,???",12691836.0,8.0,19.07283,72.88261
bokajan,"bokajan,bokajan o. noajan,bokaj?n",16561.0,138.0,26.02131,93.77945
bobbili,"bobbili,babbili,bo bu bi li,bobbili,bobbiri,bwbly,poppili,?????,????????,???????,????????,????????,????????,????,????",52843.0,135.0,18.57366,83.35925
bindki,bindki,36058.0,125.0,26.03613,80.57617
bhimavaram,"bhimavaram,bh?mavaram",142967.0,11.0,16.54078,81.52322
bharatpur,"batarpur,bharatpur,bkharatpur,baratopuru,bharatapura,bharatapuram,po lei de bu er,????????,?????????,????????,??????,????????,??????,??????,??????,??????,??????,???????,?????,?????",229384.0,180.0,27.21731,77.49009
bhadarwah,"bhadarwab,bhadarwah,bhadarw?h,bhaderwah,bhadrawah",13429.0,1636.0,32.97941,75.71723
basti,"basti,bast?,?????",115115.0,92.0,26.78817,82.71617
barela,"barela,barel?",11648.0,426.0,23.09678,80.05084
banat,"banat,?????",21580.0,246.0,29.46355,77.35478
balurghat,"balurghat,b?lurgh?t,rgh",141404.0,29.0,25.22099,88.77732
balugaon,"balugaon,b?lugaon",17238.0,81.0,20.17838,85.11327
bakloh,"bakloh,bukloh,ba ke luo,bakaloha,balko,?????,??????,???",1737.0,1336.0,32.47939,75.91874
bageshwar,"bageshwar,b?geshwar",8708.0,882.0,29.83738,79.77161
attili,attili,68196.0,11.0,16.7,81.6
anthiyur,"andiyur,andiy?r",20436.0,223.0,11.57506,77.59043
ambad,ambad,29846.0,512.0,19.61301,75.78906
alur,"alur,al?r",6604.0,975.0,12.97805,75.99094
alappuzha,"alapalli,alapolai,alappula,alappuzha,alapulai,aleppi,allapuza,alleppey,alleppi,aulapolai,alappula,????????,???????",176783.0,8.0,9.49004,76.3264
akbarpur,akbarpur,18835.0,135.0,26.38371,79.94926
abhayapuri,"abhayapuri,abhay?puri",15802.0,44.0,26.32255,90.68526
ramnagar,ramnagar,5195.0,10.0,22.77778,88.24639
noida,"naveen,new okhla industrial development authority,noida,nojda,neayda,no'eda,no'era,no'ida,noyada,noyida,noyta,nuo yi da,nwyda,?????,?????,?????,??????,?????,?????,?????,?????,?????,?????,?????,?????,??????,??????,??????,?????,???",293908.0,206.0,28.58,77.33
kalavoor,kalavoor,29564.0,8.0,9.57046,76.32756
pherzawl,pherzawl,24588.0,1017.0,24.26227,93.18873
virarajendrapet,"virajpet,virarajendrapet,vir?jpet,v?rar?jendrapet",15976.0,899.0,12.19644,75.80512
villupuram,"villapurum,villupuram",97380.0,50.0,11.93975,79.49244
vartej,vartej,10271.0,31.0,21.73947,72.06553
utraula,"utraula,utraul?",28437.0,109.0,27.31933,82.41872
uppiliyapuram,"uppiliapuram,uppiliyapuram",6900.0,180.0,11.26356,78.5139
unnao,"unao,unnao,unn?o",161671.0,134.0,26.54706,80.48781
una,una,56545.0,29.0,20.82318,71.03795
ullal,"ulaul,ullai,ullal,ull?l",59116.0,18.0,12.80569,74.86058
tondi,tondi,16468.0,9.0,9.74173,79.01774
thandla,"thandla,th?ndla",13658.0,304.0,23.00959,74.57747
thenkasi,"tenkasi,tenk?si",65496.0,170.0,8.96003,77.31525
talbahat,talbahat,13789.0,307.0,25.04357,78.43441
suriapet,"suriapet,suri?pet,suryapet",111729.0,177.0,17.14054,79.62045
sringeri,"shringeri,sringeri,cirunkeri,si lin ge ai li,sringeri,srngeri,????????,???????,????????,??????????,??????????,???????,???????,?????",4271.0,644.0,13.41698,75.25271
sonegaon,sonegaon,12614.0,254.0,20.62915,78.69207
sohagpur,"sohagpur,soh?gpur",23849.0,333.0,22.70055,78.19522
siswa bazar,siswa bazar,19939.0,100.0,27.14652,83.75803
sinor,sinor,11267.0,37.0,21.91117,73.33974
shahpur,shahpur,12867.0,182.0,22.15611,70.77068
shahada,"shahada,sh?h?da",58402.0,140.0,21.54538,74.47106
sehore,sehore,99284.0,497.0,23.2,77.08333
sarai mir,"khud kashta,khud k?shta,sarai mir,sar?i m?r",17849.0,90.0,26.02705,82.91843
sangola,sangola,31279.0,502.0,17.43948,75.19379
sancoale,sancoale,16311.0,26.0,15.37794,73.90352
sanaur,sanaur,18401.0,265.0,30.30182,76.45786
safipur,"safipur,saf?pur",24801.0,135.0,26.73783,80.3435
rewa,"rew,reva,rewa,rewah,lei wa,reva sahara,rewa,riva,riwa,rywa,????,????,????,???? ???,????,????,????,??",208461.0,309.0,24.53256,81.29234
repalle,"repalle,lei pa er lai,repalle,repalle mandala,ripalle,???????,??????? ?????,????????,????????,???????,????",42967.0,8.0,16.0184,80.82958
rangapara,"rangapara,rang?p?ra",18739.0,91.0,26.83772,92.66876
rampura,"rampura,r?mpura",11347.0,149.0,26.34967,79.18234
rameswaram,"rameshvaram,ramesvaram,rameswaram,rámesvaram,r?meswaram,iramecuvaram,la mei si wa la mu,ramesbarama,rameshuwaramu,ramesvaram,ramesvarama,ramesvarama sahara,ramesvarama tirtha,ramesvaramu,rameswarama,??????????,?????????,????????? ?????,????????? ???,?????????,?????????,?????????,???????????,??????????,??????????,?????????,??????????,?????????,??????",39960.0,10.0,9.2885,79.31271
puri,"jagannath,jagannathpur,jagann?th,puri,puri district,purî,puri,pwry,????,????,????,????,???",170841.0,16.0,19.79825,85.82494
pudukkottai,"poodoocottah,puducotai,pudukattai,pudukkottai,pudukkottai-trichinopoly,pudukkottaj,pudukotah,pudukottai,pu du ke tai,pudo~ukottai,pudukkotta'i,purukkotta'i,putukkottai,???????????,??????????????,?????????????,????????????,????????,????",112118.0,102.0,10.38128,78.82141
pirawa,"pirawa,pir?wa",11790.0,372.0,24.15506,76.02728
pipri,"peepri,pipri,p?pri",23047.0,536.0,19.79371,75.53519
pipili,"pipili,pipli",15301.0,15.0,20.11357,85.83147
perur,"melai citamparam,perur,per?r",8341.0,421.0,10.97519,76.91292
patan,"patan,p?tan",12155.0,589.0,17.37513,73.90143
panvel,"panvel,panwel,pan wei er,pana'oyela,panabela,panaraela,panavela,panvel,panwl,pnwyl,?????,?????,?????,????????,??????,??????,???????,???",128046.0,12.0,18.98878,73.11013
pandhana,"pandhana,pandh?na",11626.0,364.0,21.69816,76.22487
pallappatti,"pallapatti,pallappatti",20281.0,188.0,10.72057,77.87951
noamundi,"noamundi,no?mundi",16558.0,475.0,22.16094,85.50416
mundra,mundra,15220.0,18.0,22.83918,69.7219
mohanur,"mohanur,mohan?r",12846.0,122.0,11.05936,78.13965
medak,"medak,medak,medaka,mei da ke,mendaka,metak,mydak,?????,?????,????,?????,????,????,??????,?????,?????,???",44351.0,474.0,18.04531,78.26078
mattur,"mattur,m?tt?r",5605.0,59.0,11.32147,79.20245
mattanur,"cnn,mattannur,mattanur",45521.0,51.0,11.93018,75.57152
mahoba,"mahoba,mahob?",89170.0,208.0,25.2905,79.87533
macherla,"macherla,m?cherla",51039.0,142.0,16.47635,79.43533
kulu,"kuu,kullu,kulu,sultanpur,sult?npur",19831.0,1240.0,31.95835,77.10823
kulti,"kulti,?????",305405.0,156.0,23.73166,86.84372
kovilpatti,"koilpatti,kovilpatti,ke wei er pa di,kobhilapatti,kobilapatti,kovilpatti,??????????,???????????,???????????,?????",90296.0,106.0,9.17167,77.86989
koelwar,koelwar,25494.0,64.0,25.58055,84.79751
kodumudi,kodumudi,13053.0,135.0,11.07751,77.88363
khategaon,"khategaon,kh?tegaon",23405.0,302.0,22.59573,76.9133
kharupatia,"kharupatia,kharupatia ghat,kh?rupatia",18599.0,66.0,26.51839,92.14722
khargone,"khargon,khargone",94985.0,258.0,21.82292,75.61394
kavali,"kavali,k?vali",83352.0,18.0,14.9163,79.99449
yellapur,"yellapur,yell?pur",19343.0,559.0,14.9637,74.70929
wazirganj,"wazirganj,waz?rganj",19372.0,178.0,28.21145,79.05665
virudunagar,"virudhupatti,virudunagar,virudupatti",73273.0,105.0,9.58509,77.95787
utran,"utran,utr?n",14855.0,14.0,21.23333,72.86667
udhampur,"udhampur,udkhampur,udamapura,udhamapura,udhamapuram,utampur,wu da mu pu er,????????,???? ???,????? ???,??????,????????,??????,??????,??????,??????,????????,?????",80447.0,759.0,32.92431,75.13573
turuvekere,turuvekere,14115.0,808.0,13.16374,76.66641
tumsar,"tumsar,tmsr,tu mu sa er,tumasara,????,?????,??????,????",43218.0,278.0,21.38333,79.73333
tohana,"tohana,toh?na",59749.0,229.0,29.71332,75.90441
tikaitnagar,tikaitnagar,8806.0,118.0,26.94612,81.56583
thenzawl,thenzawl,5963.0,831.0,23.31667,92.75
tezpur,"darrang,tez,tezpur,tai ci pu er,tejapura,tyzpwr,??????,??????,??????,??????,??????,??????,??????,????",58851.0,74.0,26.63333,92.8
tehri,"n'ju-tekhri,n'ju-tikhri,new tehri,tehri,tehri-garhwal,tehri-garhw?l,tekhri,na'i tihari,nave tehari,te he li,tehari,tihari,???-?????,???-?????,?????,????,?????,?? ?????,??? ?????,?????,?????,???",27611.0,656.0,30.39086,78.4803
tanakpur,tanakpur,16905.0,265.0,29.074,80.11139
srinagar,"caspira,sxr,shrinagar,srinagar,srinagaras,srinagaro,srinankar,srinigar,srynagar,sr?nagar,suryanagar,szrinagar,cirinakar,seulinagaleu,shurinagaru,si li na jia,sirinagara,siry nagar,srinagar,srinagara,srinagaram,srinagari,srinkhr,sry nghr,sry ngr,srynaghar,srynghr,sryngr,?rinagar,rinagaras,rínagar,?????????,????????,????????,????????,????????,????????,???????,????,??? ???,??? ???,????????,??????,??? ???,??????,???? ?????,???????,?????????,???????,???????,???????,???????,???????,????????,????????,???????,???????,??????,?????????,???????,????,?????",975857.0,1589.0,34.08565,74.80555
sivagiri,sivagiri,20772.0,175.0,9.34461,77.42911
shoranur,"shoranur,sh?ran?r",42694.0,38.0,10.76181,76.27078
shirdi,"sag,shirdi,cirati,she de,shyrdy,siradi,sirdi,siriri,?????,????,?????,?????,??????,?????,?????,???????,?????,??????,??????,??",31978.0,518.0,19.76616,74.47738
sheohar,sheohar,24979.0,71.0,26.51393,85.29341
shamli,"shamli,sh?mli",97966.0,248.0,29.4497,77.30959
shahpur,"shahpur,sh?hpur",15850.0,66.0,25.60293,84.40412
sandur,"sandur,sand?r",29016.0,572.0,15.08613,76.54692
saidpur,saidpur,22904.0,82.0,25.53749,83.22378
sahibganj,"sahibganj,s?hibganj",95890.0,44.0,25.24425,87.63481
ron,"ron,rona,????",22593.0,581.0,15.69935,75.73408
rajula,"rajula,r?jula",34652.0,47.0,21.03854,71.44345
phirangipuram,phirangipuram,17335.0,66.0,16.29078,80.26233
phagwara,"phagwara,phagw?ra",100146.0,248.0,31.22452,75.77387
pernem,"cassabe-de-pernem,cassabé-de-pernem,pernem",5555.0,16.0,15.723,73.79511
peravurani,"peravurani,peravurni,per?v?rani",21663.0,29.0,10.29035,79.20156
penukonda,penukonda,20220.0,570.0,14.08286,77.59473
peddapalli,peddapalli,33582.0,234.0,18.61357,79.37442
patur,"patur,p?t?r",21747.0,348.0,20.46093,76.93725
palmaner,palmaner,42179.0,675.0,13.2,78.74725
pallikondai,"pallikonda,pallikondai",21335.0,262.0,12.90518,78.9427
palitana,"palitana,p?lit?na,????????",55913.0,67.0,21.52519,71.82309
palakkodu,"palakkodu,palakod,p?lakkodu",19630.0,509.0,12.30696,78.07022
nileshwar,"nileshwar,n?leshwar,n?l?shwar",25405.0,15.0,12.25953,75.1352
nasrullahganj,"nasrullaganj,nasrullahganj,nasrull?hganj",18265.0,301.0,22.6837,77.27069
narwar,narwar,16948.0,286.0,25.6439,77.9129
nangavalli,"nangavalli,nangavelli",9902.0,352.0,11.76189,77.89093
nambiyur,"nambiyur,nambiy?r",16126.0,282.0,11.35811,77.32115
mulki,"mulki,m?lki",17259.0,26.0,13.09101,74.79353
moirang,"moirang,moir?ng",17103.0,773.0,24.4975,93.77791
mohpa,mohpa,7140.0,361.0,21.31012,78.82969
mayang imphal,"mayang imphal,may?ng imph?l",22159.0,777.0,24.60998,93.88873
markapur,"markapur,m?rk?pur",63982.0,158.0,15.73534,79.26848
mariani,"mariani,mari?ni,???????",23640.0,118.0,26.65725,94.31529
mangrol,"mangral,mangrol,mungrol,m?ngral,m?ngrol,m?ngrol",58989.0,22.0,21.12268,70.11484
manali,"manali,man?li",8341.0,2108.0,32.2574,77.17481
mahwah,"mahwa,mahwah",22624.0,237.0,27.04594,76.93152
madanpur,madanpur,12959.0,16.0,23.00589,88.49168
machalpur,"machalpur,maohalpur,m?chalpur,m?ohalpur",8556.0,407.0,24.12767,76.31672
lohogaon,lohogaon,13529.0,597.0,18.59921,73.92701
leh,"ixl,leh,lehas,lekh,len,léh,le,leha,lh,lie cheng,lyah,ly??,re,???,??,??,????,????,???,???,???,???,??,??,??,??,?",37475.0,3502.0,34.16504,77.58402
lakhnadon,"lakhnadon,lakhn?don",15589.0,617.0,22.60049,79.60094
kushtagi,kushtagi,24180.0,645.0,15.75623,76.19112
kulattur,"kulathur,kulattur,kulatt?r",10632.0,17.0,9.0032,78.1928
kovvur,"kovur,kovvur,kovv?r",40379.0,23.0,17.0162,81.72934
kodaikanal,"kodaikan,kodaikanal,kodaik?n,kodaik?n?l,kodajkanal,??????????",35021.0,2098.0,10.23925,77.48932
kiraoli,kiraoli,21024.0,177.0,27.13768,77.78516
khonsa,"horu khunma,khela,khonsa",10187.0,946.0,27.01667,95.56667
khilchipur,khilchipur,16411.0,394.0,24.03943,76.578
khed,khed,14829.0,21.0,17.71888,73.39693
kharod,kharod,8926.0,244.0,21.7442,82.5788
kharagpur,"kharagpur,khargpur,karakpur,ke lei ge bu er,kharagapura,khargapura,khragpwr,????????,???????,??????,??????,????????,???????,????????,????????,?????",219665.0,42.0,22.33971,87.32501
khair,"khair,kha'ira,khaira,khaira prakhanda,kher,????,???,??? ???????,????,????",30173.0,194.0,27.94195,77.84243
karimpur,"karimpur,kar?mpur",9565.0,23.0,23.97594,88.61917
kantabanji,"kantabanji,kant?b?nji",21024.0,299.0,20.46709,82.92042
cumbum,kambam,60828.0,417.0,9.73647,77.2847
kagal,"kagal,k?gal",25479.0,565.0,16.57702,74.31544
kadiri,"kadiri,??????",81498.0,519.0,14.11168,78.15982
jutogh,"jutogh,simla",2467.0,1785.0,31.1,77.11667
jamai,"jamai,jumiardev,jumi?rdev,j?mai",22587.0,773.0,22.19644,78.59191
harrai,harrai,10250.0,598.0,22.61428,79.22207
hajo,"hajo,h?jo,nij hajo,nij h?jo",15977.0,58.0,26.2452,91.52525
guna,"gux,guna",153689.0,474.0,24.64691,77.3113
gummidipundi,"gumidipoondi,gummidipundi,gummidip?ndi,gummudipundi,gummudip?ndi",16605.0,21.0,13.40765,80.10879
govardhan,"gobardhan,govardhan,govardkhan,?????????",20044.0,189.0,27.49658,77.46263
gorantla,gorantla,24586.0,649.0,13.98411,77.77224
gopamau,"gopamau,gop?mau",13581.0,147.0,27.53468,80.28507
ghoti budrukh,"ghoti,ghoti budrukh",22095.0,593.0,19.71641,73.62821
faizpur,faizpur,24534.0,227.0,21.16766,75.86006
eraniel,eraniel,9844.0,38.0,8.20589,77.31726
durgapur,"durgapur,rdp,do~urugapuru,drgapwr,du er jia bu er,duleugapuleu,durgapura,du?gapu?  pascima banga?,dwrgapwr,turkapur,turkapur  merku vankalam,????????,???????,????????,?????????,?????????,?????????,??????????,??????????  ?????? ????????,????????,????????  ?????? ?????,??????,?????,?????",518872.0,100.0,23.51583,87.30801
diu,"diu,diu,div,diva,ntiou,vostrau dyu,di wu,di'u,diu,diva,dyu,?????,??????? ???,???,???,???,???,???,????,????,??,??,??",23779.0,17.0,20.71405,70.98224
dinanagar,"dinanagar,d?n?nagar",23339.0,273.0,32.13664,75.47291
dhemaji,"dhemaji,dhem?ji",13058.0,110.0,27.48333,94.58333
dharampuri,dharampuri,14178.0,153.0,22.14951,75.34439
colgong,colgong,24081.0,49.0,25.26328,87.23264
chinchinim,chinchinim,7355.0,14.0,15.21447,73.97555
chicalim,"chicalim,chiquilim",7787.0,20.0,15.39835,73.84216
chandil,"chandil,ch?ndil",4657.0,182.0,22.95745,86.05331
chaibasa,"chaibasa,ch??b?sa",66252.0,232.0,22.55038,85.80249
bodri,bodri,14491.0,503.0,23.16524,81.43262
bhander,"bhander,bh?nder",22482.0,182.0,25.73581,78.74555
basugaon,"basugaon,b?sugaon",12832.0,59.0,26.46742,90.41951
barka kana,barka kana,18182.0,354.0,23.62118,85.46748
bari,"bari,b?ri",56136.0,210.0,26.64661,77.61634
bargarh,"baragarh,bargarh,bargarkh,ba er jia er,baragadha,baragara,bargadh,parkaht,???????,?????,????,??????,????,?????,???????,??????,????",68670.0,179.0,21.33348,83.61905
banga,banga,19234.0,256.0,31.18874,75.99495
balasore,"balasor,balasore,baleshwar,baleswar,b?leshwar,ba la suo er,balasor,balaswr,balesbara,balesvara,bareshuwaru,palesvar,???????,???????,????????,????????,????????,????????,?????????,????????,???????,????????,????",114321.0,22.0,21.49266,86.93348
bakani,"bakani,bak?ni",8621.0,350.0,24.28624,76.23709
baikunthpur,"baikunthapur,baikunthpur",10790.0,560.0,23.26206,82.56051
arambol,"arambol,arambol',????????",10000.0,7.0,15.68681,73.70449
arakkonam,"arakkonam,arkonam",79080.0,90.0,13.08449,79.67053
amli,"amli,?mli",33369.0,39.0,20.28333,73.01667
aliganj,"aliganj,al?ganj",26652.0,163.0,27.49358,79.17127
akividu,"akividu,akiv?du,?kiv?du",40413.0,13.0,16.58225,81.38112
perungudi,perungudi,30363.0,7.0,12.96095,80.24094
mohali,mohali,123484.0,312.0,30.67995,76.72211
perumbavoor,"pei lu mu ba wo ao er,perumbabhura,perumbaraura,perumpavur,pyrwmbawwr,??????????,??????????,???????????,????????????,???????????,???????",26550.0,12.0,10.10695,76.47366
vapi,"wapi,w?pi,bapi,vapi,vappi,wapy,wpy,????,???,????,????,????,????,??????",71395.0,30.0,20.37175,72.90493
edakkulam,"etakkulam,????????",2000.0,16.0,10.6102,76.18352
vagator,"vagator,???????",14986.0,25.0,15.59766,73.74496
kanuru,kanuru,43696.0,6.0,16.28584,81.25464
gajuwaka,"gajuvaka,???????",258944.0,17.0,17.7,83.21667
silapathar,silapather,22307.0,119.0,27.59441,94.72402
defence colony,defence colony,24588.0,214.0,28.57144,77.23272
pakke kessang,pakke kessang,24588.0,1555.0,27.14665,93.24643
yamunanagar,"abdullahpur,abdullapur,abdull?hpur,jamna nagar,yamuna nagar,yamunanagar,yamun?nagar",208931.0,278.0,30.12796,77.28371
wani,"vanja,wani,wun,w?n,????",57288.0,224.0,20.05507,78.95313
walajapet,"walaja,walajapet,w?l?j?pet",30256.0,173.0,12.9251,79.36626
velankanni,"vailankanni,velangann,velanganni,velankanni,vel?nganni,velankanni,???????????",10000.0,3.0,10.68333,79.83333
unhel,unhel,15837.0,485.0,23.33794,75.55931
umred,"umred,umrer",51794.0,289.0,20.85396,79.32466
umarkhed,umarkhed,35265.0,424.0,19.60144,77.68878
ujhani,"ujhani,ujh?ni",56309.0,173.0,28.00311,79.00821
tuni,tuni,52658.0,24.0,17.35905,82.54607
tira sujanpur,"sujanpur,sujanpur tira,suj?npur,tira sujanpur,t?ra suj?npur",7747.0,565.0,31.83364,76.50539
thakurdwara,"thakurdwara,th?kurdw?ra",39860.0,229.0,29.19203,78.86145
talwandi bhai,"talwandi bhai,talwandi bh?i",16391.0,211.0,30.85584,74.92979
sulya,"sullia,sulya,suliya,sulya,sulya taluka,????? ??????,???????,?????",18950.0,119.0,12.561,75.38741
srivaikuntam,"srivaikuntam,sr?vaikuntam",15665.0,19.0,8.62931,77.91281
soygaon,soygaon,23320.0,377.0,20.59606,75.61765
solan,"solan,solana,solon,??????",40283.0,1509.0,30.90908,77.10869
siwana,"siwana,siw?na",22067.0,188.0,25.65154,72.42243
sirsi,sirsi,22549.0,202.0,28.63916,78.64303
sirsa,"sirsa,sirasa,sirsa,syrsa,xi er sa,?????,?????,??? ????,?????,??????,???",181639.0,205.0,29.53489,75.02898
singtam,"singtam,singtam bazar,singtom",6133.0,477.0,27.23467,88.50168
singoli,singoli,9030.0,370.0,24.96667,75.3
shishgarh,"shishgarh,sh?shgarh",23471.0,185.0,28.72928,79.31469
shirhatti,shirhatti,16604.0,681.0,15.23352,75.57996
sherghati,"sherghati,shergh?ti",35279.0,151.0,24.5595,84.79162
shahpura,shahpura,33273.0,438.0,27.3912,75.95956
sasvad,"sasvad,s?svad",29858.0,771.0,18.34351,74.03102
sangaria,"sangaria,sangari?",38638.0,192.0,29.79886,74.46683
sachin,"sachim,sachin,sachir,sach?n,sach?r",12662.0,16.0,21.08718,72.88153
ratnagiri,"rtc,ratnagiri,ratn?giri,rutnagherry,irattinakiri,la te na ji li,ratnagiri,rtnagry,?????????,???????,????????,?????????,??????????,????????,?????????,????????,???????????,?????????,?????",75986.0,66.0,16.99154,73.31022
ratanpur,ratanpur,21392.0,304.0,22.2866,82.16823
rangia,"ranga nadi,rangia,rangiya,rang? nad?",26388.0,62.0,26.44931,91.61356
rajahmundry,"rja,radzhamandri,rajahmondry,rajahmundry,rajamahendravaram,rajamahendri,rajamandri,r?jahmundry,r?jamahendravaram,rajamandri,???????????,?????????",304804.0,34.0,17.00517,81.77784
pusad,pusad,71588.0,336.0,19.91274,77.57838
ponnani,"ponani,ponnani,ponn?ni",105512.0,7.0,10.76695,75.92523
pithoragarh,"pathorgarh,pithoragarh,pithoragari,pithor?garh",47571.0,1586.0,29.58349,80.20947
patti,"patti,?????",9685.0,95.0,25.9215,82.20048
patna,"'azimabad,new patna,pat,patna,patna new city,patnao,ba te na,batna,pat na,patana,pateuna,patna,patona,ptnh,?a??m?b?d,?????,?????,?????,????,?????,????,????,????,????,?????,??????,?????,????,????,?????,?????,??????,??????,?????,????,?????,?????,???,????,???,???",1599920.0,53.0,25.59408,85.13563
pathardi,"pathardi,p?thardi",24091.0,550.0,19.17279,75.17425
papireddippatti,"papireddipatti,papireddippatti,p?pireddippatti",8852.0,433.0,11.91774,78.36865
palghat,"palakkad,palghat,palgkhat,p?lgh?t,pa la ke ka de,palakkad,palakkada,palakkara,palakkat,palakkatu,???????,???????,????????,?????????,????????,??????,?????????,?????????,?????????,?????????,?????",132728.0,87.0,10.77319,76.65366
ozar,"isk,ojhai,ojhar,ozar,ao zha er,ojara,????,???",44935.0,591.0,20.09473,73.92816
nongpoh,nongpoh,14387.0,547.0,25.9023,91.87694
nimaj,"nimaj,nimbaj,nimb?j,n?m?j",20424.0,316.0,26.14995,74.00094
nawabganj,"nawabganj,naw?bganj",34134.0,184.0,28.54103,79.63462
nawabganj,"nawabgang,nawabganj,naw?bganj",79246.0,128.0,26.93129,81.19841
nargund,nargund,33403.0,606.0,15.72299,75.38666
narasimharajapura,"narasimharajapura,narasimhar?japura",7775.0,698.0,13.61075,75.512
narasaraopet,"narasaraopet,na la sa la ao pei te,narasara'opet,narasara'opeta,narasaravupeta,???????? ???,??????????,????????????,????????????,??????????,???????",97194.0,76.0,16.23488,80.04927
nandgaon,"nandgaon,n?ndgaon",24209.0,480.0,20.3068,74.65501
naduvannur,"naduvannur,naduvann?r",24648.0,20.0,11.48772,75.77511
munnar,"munnar,munar,munara,munnar,munnara,mwnar,??????,?????,???????,????????,?????,??????,????????,???????",68000.0,1470.0,10.08818,77.06239
mulbagal,"mulbagal,mulb?gal",47462.0,849.0,13.16352,78.39346
mukher,mukher,28647.0,404.0,18.70636,77.36795
mauganj,mauganj,25537.0,351.0,24.66721,81.87339
mandalgarh,"mandalgarh,m?ndalgarh",21569.0,380.0,25.19407,75.07215
madhogarh,"madhogarh,m?dhogarh",10530.0,149.0,26.27522,79.1859
lunglei,"lungleh,lunglei,lungliah,lnglyy,long ge lai yi,lun'gale'i,lungalai,lungle'i,lunle'i,lunley,lwngly,???????,??????,??????,????????,????????,???????,??????,????????,?????????,????????,????",52728.0,1014.0,22.89247,92.74218
limbdi,"limbdi,limri",41740.0,51.0,22.56507,71.81076
lala,"lala,l?la",10942.0,34.0,24.55418,92.61592
khurda,"khordha,khurda",42526.0,57.0,20.18268,85.61629
khetia,khetia,15021.0,214.0,21.67124,74.58535
kharela,"kharela,kharel?",13798.0,160.0,25.54277,79.81235
khapa,khapa,15175.0,315.0,21.42243,78.98168
karamsad,karamsad,32380.0,41.0,22.54243,72.90392
kanpur,"cawnpore,knu,kanpur,kanpuras,kanpwr,k?npur,k?npwr,kanapura,kanpur,kanpuru,??????,??????,??????,??????,??????,????????,?????",2823249.0,137.0,26.46523,80.34975
kannod,kannod,15870.0,332.0,22.66764,76.74286
kampil,"kampil,ka mu pi er,kampila,kmply,?????,??????,???????,????",9200.0,161.0,27.61268,79.27687
kalagarh project colony,"kalagarh,kalagarh project colony,k?l?garh,k?l?garh project colony",13298.0,289.0,29.4778,78.78449
jodiya bandar,"jodiya,jodiya bandar",15788.0,2.0,22.71667,70.28333
jintur,"jintur,jint?r",42420.0,442.0,19.61186,76.6874
jhalu,"jhalu,jh?lu,jh?l?",20356.0,241.0,29.33609,78.22608
jhalawar,"brijnagar,jhalawar,jh?l?w?r",51884.0,322.0,24.59633,76.16499
jawad,"jawad,j?wad,javada,????",16887.0,467.0,24.59916,74.86261
jandiala guru,"jandiala guru,jandi?la guru,jandi?la gur?",8155.0,238.0,31.56198,75.0277
jammalamadugu,jammalamadugu,43870.0,188.0,14.84677,78.38314
jambusar,jambusar,41594.0,27.0,22.05236,72.80074
jalpaiguri,"jalpaiguri,jalp?iguri,paiguri",107832.0,87.0,26.51667,88.73333
jakhal,"jakhal,jakhal mandi,j?khal",7411.0,226.0,29.79627,75.82392
jagatsinghapur,"jagatsinghapur,jagatsinghpur,jagatsingpur",32945.0,15.0,20.2557,86.17112
islampur,"islampur,isl?mpur",31875.0,73.0,25.14075,85.20587
indore,"idr,indaur,indor,indore,indore madhya pradesh,induras,andwr,ayndwr,idaura,indaura,indoleu,indor,indora,indori,indoru,indura,intor,yin duo er,??????,??????,?????,?????,?????,??????,?????,??????,??????,??????,?????,?????,??????,???????,??????,??????,??????,??????,?????,???,???",1837041.0,550.0,22.71792,75.8333
hugli,"hooghly,hooghly-chinsura,hooghly-chinsurah,hugli,khugli,?????",177005.0,18.0,22.90877,88.39674
hirekerur,"hirekerur,hireker?r",16688.0,611.0,14.45506,75.3952
halisahar,"halisahar,halishahar,h?l?sahar",128172.0,16.0,22.93218,88.41859
guntakal junction,"guntakai,guntakal,guntakal junction,guntakul,gantalaka,gong ta ka er,guntakala,guntakallu,kuntakkal,?????,??????,????????,??????????,?????????,????",120964.0,457.0,15.17112,77.36244
goyerkata,goyerkata,66358.0,104.0,26.69984,89.02565
gopalganj,"gopalganj,gop?lganj",63725.0,74.0,26.46734,84.44041
ghoga,ghoga,3766.0,40.0,25.21738,87.1571
ghatampur,"ghatampur,gh?tampur",40435.0,128.0,26.15272,80.16803
garautha,garautha,9489.0,155.0,25.5719,79.29764
ganj muradabad,"ganj muradabad,ganj mur?d?b?d,muradabad patti,mur?d?bad patti",9970.0,137.0,26.95733,80.184
gajraula,gajraula,50380.0,213.0,28.8457,78.2396
fatehganj west,fatehganj west,23810.0,172.0,28.4662,79.30657
erandol,erandol,30931.0,226.0,20.92206,75.32641
dumra,dumra,15778.0,70.0,26.56708,85.5204
dirba,dirba,13838.0,238.0,30.07222,75.99607
dharur,"dharur,dh?r?r,fatehabad,fatehab?d,fatheabad",19060.0,737.0,18.82017,76.10937
devanhalli,"devanahalli,devanhalli,de wa en ha er li,debanahalli,devanahalli,devanhalli,devu~anaharri,?????????,??????????,???????????,?????????,????????,??????",25228.0,899.0,13.24655,77.71183
deshnoke,"deshnok,deshnoke",16720.0,275.0,27.79836,73.34297
deoli,deoli,16685.0,257.0,20.6492,78.48023
curchorem,"curchorem,curchurem",22510.0,14.0,15.26349,74.10875
chikodi,"chikodi,cikkodi,cikodi,cikodi taluka,qi ke di,??????,?????? ??????,????????,??????,????????,???",34984.0,638.0,16.42898,74.58591
chatakonda,"chatakonda,ch?takonda",2816.0,100.0,17.55303,80.6477
chamrajnagar,chamrajnagar,67992.0,717.0,11.92312,76.93949
bomdila,"bomdila,bomdilla",7121.0,2507.0,27.26475,92.42472
bolpur,"bolpur,bo er pu er,bolapura,bolapura pascima bangala,??????,?????? ?????? ?????,??????,????",70998.0,57.0,23.66278,87.69695
bisenda buzurg,"bisanda,bisenda,bisenda buzurg",11100.0,134.0,25.4035,80.61889
bilgram,"bilgram,bilgr?m",27173.0,146.0,27.17509,80.03201
bhum,"bhoom,bhum,bh?m",18543.0,592.0,18.45908,75.65877
bhanjanagar,"bhanjanagar,russelkonda,russellkonda",20647.0,86.0,19.92719,84.58201
baragaon,"baragaon,bar?gaon",11362.0,89.0,25.42936,82.81709
balaghat,"balaghat,burha,b?l?gh?t",80360.0,319.0,21.8156,80.18845
bairagnia,"bairagnia,bairgania,bair?gnia",37465.0,81.0,26.74063,85.27323
baikunthpur,"baikanthpur,baikunthpur",10179.0,305.0,24.72768,81.40975
badhni kalan,"badhni kalan,badhni kal?n",6070.0,229.0,30.6813,75.29087
atrauli,"aligarh,atrauli,atraul?",47512.0,194.0,28.02964,78.28571
ajnala,"ajnala,ajn?la",19691.0,231.0,31.84473,74.76295
abhaneri,abhaneri,1424.0,280.0,27.00743,76.6076
kirandul,kirandul,19053.0,634.0,18.63649,81.25827
mushalpur,mushalpur,24588.0,61.0,26.5792,91.4261
khliehriat,khliehriat,24588.0,1141.0,25.35776,92.36643
kaliyaganj,"kaliaganj,kaliyagan,kaliyaganj,k?liy?gan,k?liy?ganj",51748.0,41.0,25.63442,88.32665
kairana,"kairana,kair?na",80432.0,243.0,29.39541,77.2054
jatani,"jatani,jatni,j?tni",56003.0,38.0,20.15975,85.70742
jaswantnagar,jaswantnagar,27777.0,158.0,26.88271,78.90256
jasidih,jasidih,16338.0,272.0,24.51379,86.64576
jalesar,"jalesar,jalesar town",38614.0,179.0,27.47315,78.3031
jagannathpur,jagannathpur,7020.0,433.0,22.22115,85.63917
jagadhri,"jagadhri,jag?dhri",101300.0,292.0,30.16719,77.30367
irinjalakuda,"irinjalakuda,irinj?lakuda",29208.0,20.0,10.34238,76.21124
holalkere,holalkere,15480.0,707.0,14.04295,76.18496
hindaun,"hindaun,hindaun city,hinda'una,hindauna,hindauna siti,hindaunanagaram,hindona,xin dao en,??????,???????,??????? ????,????????????,????????,???",95593.0,231.0,26.73411,77.03519
hasanpur,hasanpur,9906.0,194.0,27.96944,77.49544
harpanahalli,harpanahalli,44977.0,624.0,14.78766,75.98863
hardoi,"hardoi,hardo?",122635.0,146.0,27.39491,80.13165
haora,"haora,haura,hawrah,howrah,h?ora,ha'ora,haura,??????,????,?????",1027672.0,8.0,22.57688,88.31857
hansi,"hansi,h?nsi,khansi,?????",82407.0,225.0,29.10239,75.96253
habra,"habra,h?bra",139297.0,13.0,22.84202,88.65606
guruvayur,"gurupavanapuri,guruvayoor,guruvayur,guruv?y?r",21416.0,8.0,10.5943,76.0411
duliagaon,"duliagaon,duli?gaon",23528.0,120.0,27.37227,95.30754
dig,"deeg,dig,d?g",43486.0,180.0,27.47188,77.32564
deulgaon raja,"deulgaon raja,de?lgaon r?ja",26688.0,568.0,20.01757,76.03755
dehri,"dehm,dehri",129938.0,114.0,24.90247,84.18217
daund,"daund,dhond,dao en de,daunda,?????,????,????,?????,???",45440.0,517.0,18.46515,74.58375
darjiling,"dardzhiling,dardzilingas,dardilingas,dargiling,darjeeling,darjiling,dar?iling,d?rjiling,rdorje gling,da ji ling,daleujilling,dar jylng,darjilim,drgylyng,??????????,????????,??? ?????,?????????,???,????",123797.0,2127.0,27.03333,88.26667
dalhousie,"dalhousie,da er huo wu xi ye,dalahauji,dalahausi,delaha'ujhi,tal'havuci,??????,??????,???????,???????,????????,????????,??????,??????",7601.0,1697.0,32.55219,75.94663
chodavaram,chodavaram,29000.0,48.0,17.82884,82.93526
rampachodavaram,rampachodavaram,25074.0,182.0,17.44088,81.77558
chhatapur,"chhatapur,chh?t?pur",23425.0,68.0,26.21965,87.00479
chingleput,"chengalpat,chengalpattu,chingleput,cengalapattu,cenkalpattu,qin ge a er pa tu,??????????,??????????,?????????????,????????????,??????",65689.0,61.0,12.69184,79.97661
bundi,"bundi,bundi city,b?ndi,?????",98569.0,274.0,25.43855,75.63735
budaun,"badajun,badaun,budaun,badanyu,badauna,badayum,bu dao en,budauna,patavun,??????,??????,??????,??????,?????,?????,????,???????,???",161555.0,177.0,28.03811,79.12668
boisar,boisar,15692.0,16.0,19.80362,72.75598
biswan,"biswan,bisw?n",52516.0,136.0,27.49581,80.99618
birpur,"birpur,b?rpur",18968.0,81.0,26.50823,87.01194
bilaspur,"bilaspur,bil?spur,b?l?spur",39873.0,199.0,28.88655,79.2703
bijrauni,"bijrauni,bijroni",5743.0,462.0,24.93296,77.64352
bathinda,"bup,bathinda,bkhatinda,ba ting da,bathida,bathinda,batynda,bhatinda,pattinta,????????,???????,??????,???????,????????,????????,??????,???????,?????????,??????,???",242800.0,216.0,30.20747,74.93893
bhatapara,"bhatapara,bh?t?p?ra",51751.0,275.0,21.735,81.94711
bettiah,"bettiah,bettiakh,bei te di ya,betiya,betti'ah,bettiya,???????,??????,??????,????????,?????????,????????,????",127008.0,84.0,26.80229,84.50311
batala,"batala,bat?la,butala",145468.0,258.0,31.80921,75.20294
barkot,barkot,7725.0,1291.0,30.80861,78.20596
baramula,baramula,77276.0,1579.0,34.209,74.34285
baghpat,"baghpat,bagpat,b?ghpat",41766.0,227.0,28.94485,77.21865
bachhraon,bachhraon,29232.0,216.0,28.92694,78.23456
arumbavur,"arumbavur,arumbvur,arumb?v?r",11419.0,157.0,11.38096,78.72965
arkalgud,"arkalgud,arkalg?d",15802.0,922.0,12.76171,76.06035
ariyalur,ariyalur,29144.0,82.0,11.13849,79.07556
almora,"al'mora,almora,a er mo la,alamoda,alamora,almoda,almora,arumora,??????,???????,??????,??????,????????,???????,??????,??????,??????,???????,??????,?????,??????,????",32442.0,1600.0,29.59713,79.65911
alawalpur,"alawalpur,al?walpur",7410.0,248.0,31.43161,75.65614
alagapuram,alagapuram,8345.0,159.0,11.88705,78.91758
afzalgarh,afzalgarh,27753.0,234.0,29.3937,78.67393
adalaj,adalaj,10423.0,70.0,23.16453,72.58107
vellanur,"vellanur,vell?n?r",6078.0,24.0,13.15804,80.10634
navi mumbai,"marathi  maharashtra,navi moembaai,navi mumbai,navi mumbaj,nova bombaim,novmumbajo,bmbyy nw,na'oyi mumba'i,nabi mumba'i,nabimumbai,nabimunbai,narai mumba'i,navi mumba'i,navi mumbai,navi mumbayi,navi mumpai,nawy mwmbay,nwy mmbyy,xin meng mai,???? ??????,???? ??????,??? ??????,????? ??,???? ??????,??? ?????,??? ??????,??? ?????,?????? ???????,??? ???????,??? ?????,??? ???????,??? ??????,??? ??????,??? ?????,??????,???,?????",2600000.0,14.0,19.03681,73.01582
pitampura,"pitam pura,pitampura,p?t?mpura",2000.0,217.0,28.68964,77.13126
ashoknagar kalyangarh,ashoknagar kalyangarh,111475.0,11.0,22.86416,88.63701
ramagundam,"rmd,ramagundam,la ma gu en da mu,ramagndm,ramagundam,ramagundam mandala,ramagundama,ramagwndam,ramakuntam,??????????,????????,??????????,???????,???????? ?????,?????????,?????????,??????????,????????,??????",235000.0,149.0,18.755,79.474
shahbazpur,"shahbazpur,sahabajapura,sha?bazpwr,?????????,?????????",38000.0,65.0,26.30511,87.28865
vrindavan,"brindaban,brind?ban,vrindaban,vrindavan,vrind?ban,vrind?van,?????????",60195.0,179.0,27.58105,77.69662
virpur,virpur,8866.0,107.0,23.1892,73.47987
vansada,"bansda,b?nsda,vansada,v?nsada,wansda,w?nsda",12703.0,116.0,20.75817,73.36389
valparai,"valparai,v?lp?rai",90353.0,1062.0,10.32691,76.95116
umrala,umrala,11874.0,27.0,21.84353,71.80305
udaipur,"oodeypore,udr,udaipur,udajpur,ad? pwr,awdy pwr,udaipuleu,udaipura,udaipuru,udayapur,udayapura,udayapuram,utayappur,wu dai pu,???????,???????,??? ???,????????,???? ???,????????,??????,????????,??????,???????,??????,??????,??????,?????????,???????,??????,????????,?????,???,?????",422784.0,565.0,24.58584,73.71346
tumkur,"tumakooru,tumakuru,tumak?ru,tumkur,tumk?r,tumakuru,???????",307359.0,822.0,13.34136,77.1022
tsrar sharif,"charar sharif,charar-i-sharif,cherar-i-sharif,tasrar sharif,tasr?r shar?f,tsrar sharif,tsr?r shar?f",8036.0,1953.0,33.86319,74.76524
tirumakudal narsipur,"tirumakudal narsipur,tirumak?dal narsipur",9890.0,654.0,12.21207,76.9018
theog,theog,4191.0,2239.0,31.12155,77.35838
tarapur,"tarapore,tarapur,tarapur town,t?r?pur,t?r?pur town",7493.0,7.0,19.86499,72.68426
sunam,"sunam,sun?m",53647.0,245.0,30.12883,75.79943
sitapur,"sitapur,s?t?pur",164435.0,143.0,27.56192,80.68265
sirsaganj,"sirsaganj,sirs?ganj",29034.0,165.0,27.05715,78.68661
sirhind,sirhind,60847.0,270.0,30.64321,76.38421
simdega,"simdega,simadega,symdga,xi mu de jia,???????,??????,???????,???????,???????,???????,????",38732.0,443.0,22.61523,84.50208
sikandarpur,sikandarpur,24177.0,69.0,26.04327,84.05298
shajapur,"shajapur,sh?j?pur",53346.0,445.0,23.42637,76.27775
shahpur,shahpur,4302.0,393.0,22.19526,77.90682
sarkhej,sarkhej,30341.0,47.0,22.98297,72.50196
rishikesh,"rikhikesh,rishikesh,rish?kesh,???????",66390.0,361.0,30.10778,78.29255
ramkola,"ramkola,r?mkola",13949.0,90.0,26.90172,83.83758
raisinghnagar,"raisinghnagar,r?isinghnagar",29626.0,166.0,29.53583,73.44917
raigarh,"raigarh,raigârh,rajgarkh,lai jia er,rayagadha,rayagara,rayjarh,???????,???? ???,???????,?????,???????,?????,?????,???",121278.0,224.0,21.89764,83.3966
puttur,"puttur,putt?r",30986.0,152.0,13.44189,79.55314
pullambadi,"pullambadi,pullamb?di,pullampadi",10288.0,65.0,10.9411,78.91041
pulivendla,pulivendla,33615.0,273.0,14.42139,78.22502
poonamalle,poonamallee,48837.0,21.0,13.04888,80.11488
pinjaur,pinjaur,32162.0,558.0,30.79873,76.91822
pimpri,pimpri,1284606.0,571.0,18.62292,73.80696
phariha,"phariha,pharih?",6380.0,171.0,27.32166,78.47267
phalauda,phalauda,18545.0,238.0,29.18824,77.82996
pauri,"pauri,bao li,pa'uri,paudi,pauri,?????,?????,?????,????,?????,????,?????,??",26514.0,1532.0,30.15286,78.7771
pathri,"pathri,patri,p?thri,?????",37648.0,432.0,19.2588,76.43412
parnera,parnera,11434.0,29.0,20.56101,72.94846
panipat,"panipat,panipata,p?n?pat,????????",292808.0,232.0,29.38747,76.96825
orchha,"orachha,orcha,orchga,orchha,orchhâ,orchkha,orcsha,ao la qi ha,oracha,orucha,órcsha,ór?ha,?????,?????,????,?????,????,????,??????,????",8500.0,218.0,25.35192,78.64033
nyamti,"nyamati,nyamti,ny?mati,ny?mti",10338.0,605.0,14.14869,75.57641
nuzvid,"nuzvid,n?zv?d",53391.0,112.0,16.78854,80.84593
narwana,"narwana,narwanal,narw?na",55850.0,235.0,29.59903,76.11927
naroda,"naroda,narora",5366.0,57.0,23.07041,72.65702
nagar,"magar,nagar,naggar,??????",2000.0,1693.0,32.13808,77.17393
nagamangala,"nagamangala,n?gamangala",16760.0,790.0,12.81939,76.75456
muradnagar,"muradnagar,muravnagar,mur?dnagar",89482.0,222.0,28.78069,77.49865
mirik,mirik,10109.0,1642.0,26.88817,88.19007
mathura,"madhura,mandura,mathura,matkhura,matura,muttra,ma tu la,mathura,mato~ura,matula,matura,matwra,??????,???????,????????,??????,?????,?????,?????,?????,?????,?????,????,?????,????,?????,???,???",330511.0,181.0,27.5035,77.67215
manjhanpur,manjhanpur,16939.0,104.0,25.53046,81.37566
manihari,"manihari,manih?ri",23731.0,37.0,25.33891,87.61998
mandapam,mandapam,15073.0,6.0,9.27571,79.12362
manali,"manali,manali,????",32363.0,6.0,13.16667,80.26667
mallur,"mallur,m?ll?r",10524.0,279.0,11.54424,78.14078
madurantakam,"madurantakam,madur?ntakam",29743.0,30.0,12.51167,79.88485
lalganj,lalganj,23728.0,108.0,25.93182,81.70478
lakshettipet,"lakhsetipet,lakshettipet",11162.0,141.0,18.86667,79.21667
lakhimpur,"lakhimpur,lakh?mpur",140223.0,152.0,27.94822,80.77935
lachhmangarh sikar,"lachhmangarh,lachhmangarh sikar,lachhmangarh s?kar,lachmangarh",48142.0,365.0,27.82294,75.02754
kushalgarh,kushalgarh,10349.0,293.0,23.19899,74.45074
kurduvadi,"kurduvadi,kurduv?di",23131.0,516.0,18.09339,75.41567
kundla,kundla,76809.0,134.0,21.34222,71.30633
kotwa,kotwa,13916.0,148.0,25.0308,81.31908
kodigenahalli,"kodiganballi,kodigenahalli",5727.0,667.0,13.72136,77.38629
kiratpur,"kiratpur,k?ratpur",60223.0,256.0,29.50671,78.20613
khawhai,khawhai,2537.0,1335.0,23.37807,93.12797
khajuraho group of monuments,"conjunto de templos de khajuraho,hjr,khadzuraho,khad?uraho,khajraho,khajr?ho,khajuraho,khajurâho,khajur?ho,kkhadzhurakho,kajuraho,khajuraha,khajuraho,??????????,???????,???????,???????,???????",25662.0,218.0,24.84809,79.93351
khairagarh,"khairagarh,khair?garh,kheragarh",20095.0,171.0,26.94269,77.8189
khaga,"khaga,kh?ga",13338.0,115.0,25.77215,81.10393
karaikkudi,"karaikkudi,karaikudi,k?raikkudi",91908.0,85.0,10.06615,78.76784
captainganj,"captainganj,kaptanganj,kapt?nganj",12299.0,94.0,26.9264,83.71334
jhusi,"jhusi,jh?si,pratishthanpur",16642.0,95.0,25.43745,81.9055
jamui,"jamui,jam?i,jam??",78181.0,88.0,24.92606,86.22531
irugur,"irugur,irug?r",19166.0,382.0,11.01782,77.06285
imphal,"imf,imphal,imph?l,impkhal,impal,imphala,inparu,??????,?????,??????,?????,???????,?????",223523.0,784.0,24.80805,93.9442
igatpuri,"igatpuri,vigatpuri,wigatpura,aygatpwry,aygt pwry,igatapuri,igatpuri,yi jia te pu li,?????????,???? ????,???????,????????,???????,????????,?????",35461.0,590.0,19.69522,73.5626
hosakote,hoskote,11692.0,628.0,14.27603,77.16827
hiriyur,"hiriyur,hiriy?r",53519.0,607.0,13.94455,76.61723
guduvancheri,"guduvancheri,g?duv?ncheri",30972.0,40.0,12.84519,80.06055
goshainganj,"gosainganj,goshainganj,gosh?inganj",13176.0,99.0,26.57115,82.38091
gorakhpur,"gorakhpur,gorakpura,?????????",1324570.0,218.0,29.44768,75.67206
gonda city,"gonda,gonda city,gonda oudh,gond? city,?????",133583.0,113.0,27.13181,81.95332
gogapur,"gogapur,gog?pur",6857.0,491.0,23.55746,75.51665
gangapur,gangapur,120115.0,262.0,26.47249,76.71744
gajendragarh,"gajendragad,gajendragarh",29749.0,643.0,15.73628,75.96976
fatehpur,fatehpur,83170.0,329.0,27.99486,74.95628
dumraon,dumraon,50524.0,76.0,25.55265,84.15149
doraha,"doraha,dor?ha",23545.0,262.0,30.79953,76.02355
dispur,"dishpur,dispur,dispuras,di si pu er,dichapura,disapura,diseupuleu,dispur,disupuru,tispur,??????,??????,??????,??????,??????,??????,??????,??????,??????,??????,????????,????????,????????,???????,?????,????,????",10812.0,60.0,26.13564,91.80069
deoli,"deoli,devli,dioli",21298.0,339.0,25.75728,75.37991
delvada,"delvada,delv?da",11912.0,21.0,20.77544,71.04646
darbhanga,"darbanga,darbhanga,darbkhanga,da er bang ge a,darabhaga,darabhanga,darbanga,darbhanga,darbhanja,drbnga,????????,?????????,?????????,??????,???????,???????,??????,???????,?????????,??????,????????,????????,??????,?????",287150.0,58.0,26.15216,85.89707
daltonganj,"daltenganj,daltongandzh,daltonganj,daltongganj,d?ltenganj,medininagar,medninagar,da er tong ge a en jie,daltanaganja,daltanaganjanagaram,???????????,?????????,??????????,???????????????,??????????,???????????,???????",77704.0,227.0,24.03971,84.0658
dohad,"dahod,dohad,d?hod",83966.0,310.0,22.83283,74.25986
chunar,"chunar,chun?r",36459.0,83.0,25.12776,82.8821
chorhat,"chorhat,chorh?t,churhat",14101.0,291.0,24.42743,81.66948
chittarkonda,"chitrakonda,chittarkonda",7260.0,414.0,18.12533,82.1089
chintamani,"chintamani,chint?mani,?????????",71798.0,890.0,13.40051,78.05172
chhuikhadan,"chhuikhadan,chhu?khad?n",6485.0,338.0,21.52316,80.99788
chaupal,"chaupal,chaup?l",1701.0,2268.0,30.94647,77.5884
chandor,"chandor,chandvad,chandwar,ch?ndor,ch?ndvad,ch?ndwar",19592.0,734.0,20.3306,74.24467
bundu,"bundu,b?ndu",19467.0,325.0,23.16095,85.59007
bokakhat,"bokakhat,bok?kh?t",9554.0,86.0,26.64018,93.60052
bilari,"bilari,bil?ri",29666.0,198.0,28.62146,78.80361
bijbehara,"bijbehara,bijbiara,bijbi?ra,vejibyor,vejibyour,vejiby?r,vijeshwara",24590.0,1607.0,33.79378,75.107
bhatkal,bhatkal,31735.0,12.0,13.98534,74.55531
bhabhua,"bhabhua,bhabua",48641.0,88.0,25.04049,83.60749
bemetara,"bemetara,bemet?ra",24910.0,291.0,21.71556,81.53423
bedi,"beda,bedi,bedi bandar,????",21327.0,9.0,22.50143,70.04363
baramati,"baramati,b?r?mati,????????",53919.0,552.0,18.15174,74.57767
bansi,"bansi,b?nsi",39926.0,91.0,27.17749,82.93442
baihar,baihar,16168.0,556.0,22.10133,80.54967
bahadurganj,"bahadurganj,bah?durganj",31405.0,57.0,26.26172,87.82443
bagaha,"bagaha,bagaha division",91383.0,155.0,24.52898,85.06019
ayakudi,"ayakkudi,ayakudi,palaiya ayakkudi",24120.0,336.0,10.44992,77.55198
avinashi,"avanashi,avan?shi",24327.0,330.0,11.19297,77.26865
aurangabad,"aurangabad,aurangabad - aurangabada,aurangabad - ????????,aurangabadas,aurangâbâd,aurang?b?d,ixu,a'orangabada,a'urangabada,aurangabada,aurangabada sahara,aurangabado,awrng abad,awrng?abad,awrnk abad,??????????,????? ????,????? ????,??????????,????????,???????? ???,??????????,??????????,?????????",1016441.0,588.0,19.87757,75.34226
andippatti,andippatti,24448.0,291.0,9.99797,77.62097
amarpur,amarpur,11906.0,42.0,23.5257,91.65879
ajra,ajra,15864.0,661.0,16.11601,74.21097
ajmer,"acmer,adzhmer,adzmer,adzmera,adzmeras,adzsmir,ad?mer,admera,admeras,admér,agmer,ajmer,ajmer city,a?mer,kqh,a jie mei er,ajamera,ajamira,ajimeleu,ajmer,ajmeri,ajmir,ajmyr,ajumeru,ádzsmír,??????,?????,?????,?????,?????,?????,?????,?????,?????,?????,?????,???????,???????,???????,??????,??????,??????,????,????",517911.0,475.0,26.4521,74.63867
ahmadpur,"ahmadpur,ahmedpur,rajura,r?j?ra",40218.0,526.0,18.70622,76.93731
agar,"agar,agar-agar,????-????",34532.0,519.0,23.71177,76.01571
bagnan,bagnan,8494.0,15.0,22.93338,88.13856
jaurian,jaurian,3952.0,281.0,32.83255,74.57612
dayapar,dayapar,12000.0,103.0,23.63371,68.90192
malkapur,malkapur,32000.0,579.0,17.26214,74.17574
garamur,garamur,24588.0,77.0,26.94891,94.17205
ampati,ampati,24588.0,30.0,25.4623,89.93325
rohini,rohini,860000.0,212.0,28.74322,77.06778
yelandur,"jagir,j?g?r,yelandur,yeland?r",8901.0,663.0,12.04629,77.03034
yaval,yaval,32881.0,215.0,21.16772,75.69762
yarada,"yarada,y?r?da",3406.0,10.0,17.65872,83.27419
wokha,wokha,54010.0,1385.0,26.09717,94.25817
warora,warora,41523.0,208.0,20.22885,79.00277
warangal,"ekasila nagaram,orugallu,varangal,varangalas,wgc,warangal,raarangala,varangal,varangal jilla,varangala,varangala-nagaram,varankal,wa lang jia er,walang-gal,warangala,warangaru,warangl,wrnjl,????????,???????,?????,?????,??????-?????,??????,??????,?????????,??????,???????,????????,?????? ??????,??????,???????,?????,????,???",557802.0,258.0,18.0,79.58333
vettur,"vetchur,vettoor,vettur,vett?r",37219.0,30.0,8.71742,76.72582
velur,"velur,vel?r",18951.0,136.0,11.10825,78.00113
azhikkal,"azhikal,azhikkal,baliapatam,beliapatanam,valapattanam,valarpattanam",8117.0,1.0,11.94043,75.30512
tiruchirappalli,"trz,tiruccirappalli,tiruccsirapalli,tiruccsirápalli,tiruchchinappalli,tiruchchin?ppalli,tiruchchirappalli,tiruchchir?ppalli,tiruchi,tiruchirapali,tiruchirapalli,tiruchirappalli,tiruchirappal·li,tirucirapali,tiru?irapali,tiru??iráppalli,trichinapalli,trichinopoli,trichinopoly,trichy,trinchinopoly,di lu ji la pa li,tiluchilapalli,tiruccirappalli,tiruchiraparri,tirucirapalli,tirutchirapparri,tricimalaidurgam,trwchraply,tyrwchyrapaly,tyrwchyraply,????????????,???????????????,?????????????,?????????,???????????,????????????,?yrwchyrapaly,????????????,????????????????,?????????????,?????????????,?????????????,?????????????????,?????????????????,????????????????,?????????,???????????,??????,??????",775484.0,79.0,10.8155,78.69651
tirthahalli,"tirthahalli,t?rthahalli",15422.0,620.0,13.68835,75.24548
tekari,"tekari,tek?ri",19063.0,97.0,24.94253,84.84265
surendranagar,"civil station,surendranagar,wadhwan,wadhwan camp,wadhwan city,wadhwan civil station,wadhw?n,wadhw?n civil station",179628.0,68.0,22.72706,71.64856
sri dungargarh,"shri dungargarh,sri dungargarh,sri d?ngargarh",48036.0,262.0,28.09617,74.00868
sorbhog,sorbhog,7614.0,54.0,26.48612,90.8859
somvarpet,"somvarpet,somv?rpet,somwarpett",7227.0,1133.0,12.59698,75.84957
sitarganj,"sitarganj,sit?rganj",24225.0,219.0,28.9293,79.70436
silvassa,"selvasa,selv?sa,silvasa,silvassa,cilvaca,selvasa,silabas'sa,silabhasa,silavasa,silbasa,silvasa,su~iruvu~asa,sylwasa,xi er wa sa,????????,????????,???????,??????,???????,????????,?????????,???????,???????,???????,????????,????????,???????,????????,????,???",27359.0,37.0,20.27386,72.99673
siddipet,"siddipet,siddipeta,?????????",64562.0,493.0,18.10483,78.84858
sangrur,"sangrur,sangr?r",88615.0,241.0,30.24506,75.84488
sahawar,"sahawar,sah?war",22201.0,178.0,27.79603,78.83373
risod,risod,30131.0,542.0,19.97671,76.78799
rapar,"rapar,r?par",21507.0,65.0,23.57267,70.64718
ramgarh,"ramgarh,r?mgarh",4945.0,1373.0,33.40379,74.22388
raikot,"raikot,r?ikot",26114.0,238.0,30.65,75.6
raia,raia,9421.0,18.0,15.30499,73.97096
rahatgarh,"rahatgarh,r?hatgarh",27462.0,474.0,23.78968,78.39473
rafiganj,rafiganj,26228.0,106.0,24.81757,84.63445
pulwama,"pulawom,pulwama,blwama,bwlwama,plwama,plwam?,pwlwama,??????,???????,??????,??????,???????",20071.0,1648.0,33.87405,74.89955
petlawad,"petlawad,petl?wad",13260.0,398.0,23.01102,74.79772
pedana,pedana,30252.0,13.0,16.25582,81.14378
parasia,"dongar parasia,dongar par?sia,parasia,par?sia",39440.0,781.0,22.1913,78.75904
paloncha,paloncha,75224.0,106.0,17.60184,80.70509
paddhari,paddhari,9701.0,68.0,22.43654,70.60162
nowrangapur,"nabarangapur,nabarangpur,nowrangpur",1220946.0,578.0,19.23114,82.54826
nilanga,nilanga,34491.0,607.0,18.11675,76.75279
nattarasankottai,"nattarasankotal,nattarasankottai,n?ttarasankottai",5920.0,88.0,9.86905,78.55305
nainpur,nainpur,22336.0,448.0,22.42996,80.10561
mussoorie,"massuri,masuri,musoori,mussooree,mussoori,mussoorie,mussuri,masori,masuri,mu suo li,mucori,mus'sauri,???????,??????,???????,?????? ????????,?????,?????,????????,?????,?????,?????,??????,?????,???",25753.0,1824.0,30.45498,78.07068
musiri,musiri,30209.0,95.0,10.95299,78.44427
muragacha,"muragacha,muragachha,murag?cha",10324.0,19.0,23.53631,88.39425
multai,multai,22029.0,758.0,21.77463,78.25756
mirganj,"mirganj,m?rganj",15335.0,178.0,28.54012,79.20817
mettur,"mettur,mett?r",56743.0,205.0,11.78796,77.8008
mankachar,"manikarchar,mankachar,mank?char",31091.0,30.0,25.53347,89.86373
manchar,manchar,14740.0,674.0,19.00436,73.94346
manasa,manasa,24078.0,447.0,24.47764,75.14095
madhipura,"madhipura,madhupura",50570.0,50.0,25.92127,86.79271
lohaghat,"lohaghat,lohagh?t",6758.0,1701.0,29.40356,80.08965
kotaparh,"kotapad,kotaparh,kotap?d,kotap?rh",15479.0,561.0,19.14256,82.32536
koradi,"koradi,koradih,kor?di,kor?dih",3225.0,307.0,21.24758,79.10575
konnur,"konnur,konn?r",19166.0,622.0,16.20138,74.74886
konanur,"konanur,konan?r",9555.0,835.0,12.63016,76.05037
kashipur,"kashipur,k?sh?pur,ka si xi pu er,kashypwr,kasipura,???????,???????,???? ???? ????????,???????,???????,???????,???????,???????,?????",103138.0,239.0,29.21399,78.95693
karur,"karur,kar?r,ka lu er,kaluleu,karur,karura,karuru,karwr,krwr,?????,????,?????,????,????,?????,?????,????,??????,?????,?????,????,????,???,???",76915.0,126.0,10.95771,78.08095
vyara,"vvara,vyara,vy?ra",38168.0,90.0,21.11079,73.39365
visavadar,"visavadar,visavedar,v?s?vadar",18382.0,140.0,21.33954,70.74966
varkala,"varkala,barakala,varkal,varkala,varkale,varkkalai,wa er ka la,wrkla,???????,?????,??????,??????,??????,?????,????????,??????,????",43276.0,48.0,8.7333,76.7167
vaniyambadi,"vanivambadi,vaniyambadi,v?nivamb?di,v?niyamb?di,baniyamabari,fanymbdy,vaniyamabadi,vaniyampati,wa ni ye mu ba di,wanyyambady,wnymbdy,????????,???????????,???????,??????????,????????????,???????????,??????",90288.0,352.0,12.68162,78.62014
umreth,umreth,32802.0,59.0,22.69881,73.11561
ukwa,"ukwa,ukw?",7369.0,630.0,21.97102,80.46625
udayagiri,"ghumusar udayagiri,udaigiri,udayagiri",10865.0,646.0,20.12416,84.36869
thiruvidaimaruthur,"tiruvadaimarudur,tiruvadamarudur,tiruvadamarud?r,tiruvidaimardur,tiruvidaimarudur,tiruvidaimarud?r",14183.0,29.0,10.99857,79.45227
tiruvallur,"thiruvallur,tiruvallur,tiruvall?r,tiruvellore,di lu wa lu er,tharuballura,tiluballuleu,tirubharura,tiruvallur,tiruvallura,tiruvalluru,tiruvu~arruru,tyrwwalwr,??????????,?????????,??????????,???????????,?????????,??????????,??????????,???????????,???????????,?????????,?????,?????",48095.0,46.0,13.14376,79.90889
tirupparangunram,"thiruparangundram,thirupparankundram,tiruparankundram,tirupparangunram,tirupparankunram",42696.0,154.0,9.88151,78.07306
tikamgarh,"tikamgarh,t?kamgarh",74724.0,360.0,24.74327,78.83061
teghra,teghra,46160.0,52.0,25.49043,85.94001
susner,susner,14601.0,417.0,23.94667,76.08825
soalkuchi,"soalkuchi,sualkuchi,suwalakuchi,suw?lakuchi",13917.0,55.0,26.16806,91.57111
sivakasi,"sivakasi,sivak?si,civakaci,sibakasi,sivakasi,xi wa ka xi,???????,???????,???????,????????,???????,???????,???????,???????,????,????",74282.0,105.0,9.44999,77.79797
sijua,sijua,31537.0,198.0,23.77617,86.33028
shikohabad,"shikohabad,shikoh?b?d",99678.0,165.0,27.108,78.58661
seram,"sedam,seram,?????",35134.0,425.0,17.17859,77.28998
satna,"satna,tni",257778.0,324.0,24.57726,80.82719
sarauli,"saranli,sarauli",20923.0,184.0,28.49404,79.09177
sambalpur,"sambalpore,sambalpur,sa mu ba er pu er,sambalapura,sambalpuleu,sanbarupuru,smblpwr,?????????,???????,???????,???????,??????????,???????,????????,??????????,??????,??????,????",162887.0,152.0,21.46527,83.97573
samba,"samba,s?mba",26893.0,392.0,32.56245,75.11993
salaya,"salaya,sal?ya",30228.0,8.0,22.31038,69.60376
sagar,"sagar,s?gar",53150.0,592.0,14.16498,75.02901
sadri,"sadri,s?dri",25632.0,360.0,25.18555,73.45288
roorkee,"roorkee,rurki,luo ao er kai ai,roraki,rraki,ruraki,rurki,rurkki,?????,?????,?????,??????,?????,?????,?????,????????,??????,?????",103894.0,268.0,29.86632,77.89118
roha,"roha,roha-kolaba,rohe,????,????",90000.0,11.0,18.43687,73.11964
richha,richha,19459.0,187.0,28.69467,79.52284
rengali,rengali,7701.0,216.0,21.64602,84.05311
ranir bazar,ranir bazar,11810.0,23.0,23.83463,91.36614
ranchi,"ixr,ranchi,ranci,rancis,rancsi,ran?i,ran?is,ráncsí,rá??í,r?nchi,r?nch?,lan qi,lanchi,raci,ramci,ranchi,ranchy,ranci,ranci jilla,ranshy,r?nzy,?????,?????,?????,?????,?????,?????,?????,?????,????? ??????,?????,????,?????,?????,??????,??????,?????,?????,??????,?????,?????,??,??",846454.0,643.0,23.34316,85.3094
raiganj,"raiganj,rayganj,r?iganj",170252.0,38.0,25.61281,88.12449
raebareli,"rae bareli,raebareli,r?e bareli",186433.0,118.0,26.2309,81.23315
kasba,"kasba,qasba",26937.0,47.0,25.85643,87.53836
purna,"purna,p?rna,?????",34888.0,381.0,19.1817,77.02566
porbandar,"pbd,poorbunder,porbandar,porbandarom,port porbandar,purbandar,bo er ben de er,bwrbndr,poleubandaleu,porabandara,porpantar,?????????,???????????,???????,???????,????????,????????,???????,????????,??????????,??????????,????????,?????,?????",138872.0,7.0,21.64219,69.60929
ponneri,"ponneri,bo nei li,ponneri,????????,????????,????????,???",24756.0,12.0,13.33868,80.19487
pehowa,pehowa,39101.0,261.0,29.97897,76.58249
patiali,patiali,13515.0,172.0,27.69086,78.99823
pappinissheri,"pappinisseri,pappinissheri,p?ppinisseri,p?ppinissheri,p?ppinissh?ri",34025.0,13.0,11.95655,75.34034
pandharpur,"pandharpur,pandkharpur,padharapura,pan da er pu er,pandaripuramu,pandharapura,pantaripuram,??????????,??????????,???????,???????,???????,??????????,???????????,??????????,???????,?????",95665.0,456.0,17.67924,75.33098
pallippatti,pallippatti,26492.0,411.0,11.9399,78.40161
pallipattu,"pallipat,pallipattu",8912.0,157.0,13.3386,79.44489
palampur,"palampur,patampar,p?lampur",4131.0,1355.0,32.11453,76.55681
pakur,"pakaur,pakur,p?kaur",45840.0,47.0,24.63925,87.84239
ottappalam,"ottapalam,ottappalam,ottapp?lam",50913.0,44.0,10.7735,76.37758
numaligarh,"numaligarh,num?ligarh",7386.0,99.0,26.62249,93.72225
nizamabad,"nizamabad,niz?m?b?d,nijamabad,??????????",305438.0,389.0,18.67154,78.0988
nichlaul,nichlaul,17567.0,104.0,27.31247,83.7253
neyyattinkara,"neyattinkara,neyyattinkara,neyy?ttinkara",88104.0,26.0,8.39854,77.08586
nayudupet,"nayudupet,nayudupeta,n?yudupet,n?yudupeta",45769.0,34.0,13.90742,79.89465
navadwip,"nabadurip,nabadwip,nadia,navadvip,navadwip,navadw?p,????????",111123.0,17.0,23.4067,88.36861
nannilam,nannilam,10180.0,16.0,10.87933,79.61062
nanguneri,"nanguneri,n?nguneri",6969.0,97.0,8.49326,77.65806
naini tal,"naini tal,naini t?l,nainital",42309.0,2077.0,29.39743,79.44686
mustafabad,"mustafabad,mustaf?b?d",8974.0,284.0,30.2022,77.14873
murtajapur,"murtajapur,murtaj?pur,murtazapur,murtaz?pur",40223.0,303.0,20.73299,77.36694
morsi,morsi,35554.0,351.0,21.3403,78.01258
mokokchung,"mkokchung,mokokchung,mokokch?ng,mokokshung",34021.0,1250.0,26.3248,94.51834
minjur,"minjur,m?nj?r",24674.0,11.0,13.27951,80.25815
mehndawal,"mahdawal,mehdawal,mehndawal,mehnd?wal",25495.0,88.0,26.97579,83.10995
mau,"mau,mau nath bhanjan,mau nathbhanjan,maunath bhanjan,maun?th bhanjan,ma'u,ma'unatha bhanjana,mao na te ban zhan,mau,mavu,maw,myw,???,???,???,??? ???? ?????,???,??,????? ????,???,??,??,??,?????",246050.0,78.0,25.94167,83.56111
manwat,"manwat,manwath,m?nwat",30624.0,440.0,19.30133,76.49735
mansa,"mansa,m?nsa",80018.0,223.0,29.98844,75.40167
manjeshvar,"bungar munjeshwar,manjeshvar,manjeshwar,manjeshwara,manj?shvar",8927.0,11.0,12.71287,74.88857
mandla,"mandla,mandl?,??????",45184.0,450.0,22.59879,80.37115
manalurpettai,"manalurpet,manalurpettai,manal?rpettai",7626.0,122.0,12.00788,79.09184
mainaguri,"mainaguri,main?guri",29459.0,89.0,26.56263,88.8204
mahemdavad,"mahemdavad,mahemd?v?d,mehmadabad,mehmad?b?d",32504.0,37.0,22.82359,72.75551
maghar,maghar,17011.0,84.0,26.75586,83.12773
madgaon,"madgaon,margao,margão,??????",86818.0,22.0,15.27501,73.95786
ladwa,"ladwa,l?dwa",23565.0,266.0,29.9935,77.04563
kuttampuzha,kuttampuzha,25436.0,48.0,10.15033,76.73544
kot isa khan,"kot isa khan,kot ïsa kh?n,kot ?sa kh?n,kot-ise-khan",9639.0,218.0,30.94659,75.1378
korukollu,korukollu,8543.0,6.0,16.5,81.25
kishangarh,"kqh,kishangarh,kishangarkh,kil'ha harikrisanagarha,kisanagadha,kisanagara,kisanagarha,k?ishangarhi,?????????,???????,???????,????????,?????? ??????????????,??????????",131749.0,443.0,26.59006,74.85397
kiranur,kiranur,6487.0,280.0,10.59395,77.50315
kharkhauda,kharkhauda,21320.0,227.0,28.8787,76.91069
khanna,"khanna,?????",117137.0,269.0,30.70547,76.22196
khambhaliya,"khambhalia,khambhaliva,khambhaliya,khambh?liya",38121.0,50.0,22.20685,69.65031
khairagarh,"khairagarh,khairagarh raj,khair?garh",15734.0,317.0,21.41859,80.97942
karnal,"karnal,karn?l,??????",225049.0,255.0,29.69197,76.98448
kanker,"kanker,k?nker",25984.0,401.0,20.27193,81.49177
kamalganj,kamalganj,16222.0,152.0,27.26181,79.63134
kallupatti,kallupatti,9725.0,138.0,9.71667,77.86667
kaintragarh,"athmalik,athmallik,kaintaragarh,kaintar?garh,kaintragarh",11918.0,91.0,20.72115,84.53514
jalandhar,"dzalandar,dzalandhar,dzhalandkhar,dzsalandhar,dzsálandhár,d?alandhar,galangar,jalandar,jalandhar,jullundur,jullundur city,qju,gu lang da er,jaladhara,jalandhar,jalandhara,jalandhari,jalantar,jallandaleu,jarandaru,jlndr,?alan?ar,????????,??????????,???????,?????,????????,?????,??????,??????,?????,?????,??????,???????,??????,??????,??????????,??????,????,????",785178.0,243.0,31.32556,75.57917
jashpurnagar,"jashpur,jashpurnagar",22607.0,776.0,22.88783,84.13864
jaisalmer,"dzaisalmer,dzhajsalmer,dzsaiszalmer,daisalmér,jsa,jailsamer,jaisalmer,tzaisalmer,gu sha mei er,jaisalamera,jaisalmeleu,jaisarumeru,jayasalamera,jesalamera,jeycalmer,jyslmyr,??????????,??????????,???????,???????,???????,????????,?????????,???????,???????,???????,???????????,?????????,????????,????,?????",67604.0,234.0,26.91763,70.90387
jagraon,"jagraon,gu ge la ao en,jagara'um,jagararana,jagra'om,jagravam,?????,???????,???????,??????,????????,?????",65305.0,238.0,30.78783,75.47391
itarsi,"itarsi,it?rsi",100574.0,325.0,22.61477,77.76222
iringal,iringal,24318.0,25.0,11.55929,75.61663
indi,indi,34075.0,466.0,17.17735,75.9526
idappadi,"edapadi,edappadi,idappadi,id?pp?di",51642.0,209.0,11.58624,77.83891
hyderabad,"bhaganagar,hyd,haidarabadas,haiderabad,hajdarabad,hajdarábád,hyderabad,hyderabad-deccan,hyder?b?d,khajdarabad,khajderabad,hai de la ba,haidarabada,haidarabadu,haiderabado,haitarapat,hayadarabada ema. karporesana,hayadrabada,hydr abad,hydr abad dkn,hydrabad,??????????,??????????,???? ????,???? ???? ???,????????,????????,?????????? ??. ?????????,???????????,?????????,?????????,???????,????",3597816.0,515.0,17.38405,78.45636
hadagalli,"hadagalli,huvinabadgalli,huvvmahadagalli",25311.0,524.0,15.02048,75.93185
guskhara,"gushkara,guskhara",33780.0,41.0,23.49276,87.73484
gondal,gondal,101801.0,139.0,21.96074,70.80255
gobardanga,"gobardanga,gob?rd?nga",43808.0,14.0,22.8774,88.75479
ghogha,"cogna,ghogha,gogha",11361.0,10.0,21.68813,72.2763
elamanchili,"elamanchili,yellamanchili,yellamanchilli",26176.0,18.0,17.54907,82.85749
dum duma,"doom-dooma,dum duma,sookerating",21706.0,131.0,27.56884,95.55664
dornakal,dornakal,15350.0,153.0,17.44475,80.14905
digras,digras,41554.0,341.0,20.1035,77.71846
digboi,"digboi,digbol,digbor",20685.0,153.0,27.39321,95.61839
dhenkanal,"dhenkanal,dhenk?n?l",62230.0,77.0,20.65744,85.59693
devarkonda,devarkonda,29726.0,282.0,16.69186,78.92073
deori khas,"deore,deori,deori khas,deori kh?s,deor? kh?s",24934.0,429.0,23.39017,79.0163
dayal bagh,dayal bagh,3367.0,168.0,27.22122,78.01095
cholapuram,cholapuram,6557.0,127.0,9.35193,77.56839
chakradharpur,"chakardharpore,chakradharpur,cakradharapura,cakratarpur,qia ke la da er pu er,?????????,?????????,?????????,???????????,???????",40599.0,232.0,22.67611,85.62892
bisalpur,"bisalpur,b?salpur",68355.0,172.0,28.29253,79.80472
bilsanda,bilsanda,15538.0,171.0,28.24341,79.95135
bhuma,bhuma,5743.0,354.0,27.78333,74.93333
bhayandar,"bhayandar,bhayndar,bhayundar",520301.0,9.0,19.30157,72.85107
bhattiprolu,bhattiprolu,18001.0,10.0,16.1026,80.78074
basi,basi,18591.0,275.0,30.6885,76.40111
barmer,"barmer,b?rmer",89487.0,202.0,25.74572,71.39211
bareilly,"bek,bareilly,barejli,bareli,barel?,ba lei li,baleilli,baraili,bareli,bareri,bereli,bryly,pareli,???????,??????,???????,?????,?????,?????,?????,??????,?????,?????,?????,?????,?????,???,????",745435.0,178.0,28.36678,79.43167
banda,banda,28978.0,475.0,24.04488,78.96094
balod,balod,22275.0,329.0,20.73081,81.20578
balimila,"balimela,balimila,b?limela",12008.0,210.0,18.25167,82.10659
baldev,"baldeo,baldev,dauji,d??ji",10536.0,179.0,27.40684,77.82214
baidyabati,"baidyabati,baidyab?ti",115504.0,13.0,22.78498,88.32586
bahsuma,"bahsuma,bahs?ma",11157.0,236.0,29.20063,77.97221
baharampur,"baharampur,bahrampur,bahr?mpur,bakharampur,berhampore,ba ha la mu pu er,baharamapura,??????????,?????????,????? ???,???????,????????,????????,???????,??????????,??????????,??????",180547.0,24.0,24.10473,88.25155
avadi,"avadi,?vadi,?????",250044.0,29.0,13.1147,80.10981
aurad,"aurad,aur?d",17019.0,545.0,18.25397,77.41761
arantangi,"arantangi,arant?ngi,arrantangy",35621.0,53.0,10.17235,78.99118
anuppur,"anuppur,an?ppur",18122.0,503.0,23.10344,81.69083
ambikapur,"ambikapur,ambik?pur,surguja,surquja",72821.0,603.0,23.11892,83.19537
alwaye,"aluva,alwaye,aluva,????",23703.0,17.0,10.10649,76.35484
alot,alot,23134.0,448.0,23.76336,75.55662
adoni,"adoni,?doni,?????",163631.0,432.0,15.62788,77.27495
addanki,addanki,28547.0,41.0,15.81061,79.97338
raghudebbati,raghudebbati,12833.0,12.0,22.52556,88.19583
auroville,"aurorurbo,aurovil,aurovil',auroville,a?rorurbo,arovil,arovile,li ming zhi cun,orovila,orovu~iru,???????,????????,????????,???????,???????,??????,???????,???????,??????,??????,????",2000.0,55.0,12.00549,79.80885
kotkapura,kotkapura,80741.0,208.0,30.5819,74.83298
mandideep,manideep,39898.0,443.0,23.08166,77.53328
kyathampalle,kyathampalle,42275.0,262.0,19.66781,78.5289
cherpulassery,cherpulassery,30000.0,66.0,10.87655,76.30932
jiribam,jiribam,24588.0,33.0,24.80427,93.12148
yanam,"janam,yanam,yanaon,????",36896.0,11.0,16.73308,82.21364
wanparti,"wanaparthy,wanparti",55182.0,401.0,16.36738,78.06889
vidisha,"bhilsa,bh?lsa,vidisa,vidisha,vidia,bidisa,vidisa,vu~idisha,wdysha,wei di si ha,??????,?????,??????,??????,??????,???????,????",140045.0,429.0,23.52604,77.81092
vemalwada,"lembulavataka,lemulavada,vemalwada,vemalw?da,vemulavada",22920.0,338.0,18.46523,78.86894
vallam,vallam,14935.0,80.0,10.71988,79.05981
vadodara,"bdq,baroda,vadodara,vapadedara,ba luo da,badodala,barodara,fadwdara,radodara,vadeadara,vadodara,vatotara,vu~adodara,wadwdara,wdwdrh,?a???a?a,????????,????????,????????,????????,????????,??????,??????,???????,??????,??????,???????,??????,??????,??????,???????,??????,?????,??????,?????,????????,?????,???????,???,????",1409476.0,46.0,22.29941,73.20812
vadakku valliyur,vadakku valliyur,24749.0,106.0,8.38286,77.61221
thanna mandi,thanna mandi,3857.0,1572.0,33.54204,74.381
suluru,"sulurpet,sulurpeta,suluru,s?l?rpet,s?l?ru",38065.0,10.0,13.7,80.01667
sitamau,"sitamau,s?t?mau",13441.0,484.0,24.01473,75.35324
sirsilla,"sirsilla,sirisilla,?????????",71499.0,331.0,18.38865,78.81048
shirwal,"shirval,shirwal",12703.0,594.0,18.15059,73.97788
shahabad,"shahabad,sh?h?b?d",39323.0,268.0,30.16776,76.87046
serchhip,"serchhip,serchh?p",20244.0,1231.0,23.29312,92.84679
sangli,"sangla,sangli,s?ngli,turmeric city",601214.0,553.0,16.85438,74.56417
renukut,"renukoot,renukut,renuk?t",62413.0,297.0,24.21641,83.0358
ranibennur,"ranibennur,renibennur,r?n?bennur",99105.0,579.0,14.62239,75.62951
ramnagar,"ramnagar,r?mnagar",43497.0,100.0,27.16371,84.32342
rajgarh,rajgarh,26164.0,359.0,24.00826,76.7325
rajaori,"rajaori,rajauri,r?jaori,r?jauri,rajwary,rajwry,???????,??????,??????",27792.0,924.0,33.37526,74.3092
quepem,"quepem,quepem town",13041.0,20.0,15.2128,74.0772
punahana,"punahana,pun?h?na,p?n?h?na",15332.0,193.0,27.86371,77.20432
proddatur,"proddatur,proddat?r,prodduturu,????????????",177797.0,160.0,14.7502,78.54813
pippara,pippara,8581.0,9.0,16.71667,81.55
phulpur,phulpur,8893.0,89.0,26.07779,82.87608
phaphund,"phaphund,phaph?nd",16675.0,147.0,26.59888,79.46437
petlad,"petlad,petl?d",51819.0,37.0,22.47681,72.79995
pattan,"patan,pattan",14965.0,1593.0,34.16125,74.55634
french rocks,"french rocks,hirod,pandavapura,p?ndavapura",19051.0,734.0,12.50094,76.67416
palamedu,"palamedu,p?lamedu",8435.0,227.0,10.10501,78.11336
palakollu,"palacole,palakollu,p?lakollu",57341.0,16.0,16.5167,81.73
odlabari,"odlabari,odl?b?ri,oldabari,old?b?ri",12311.0,147.0,26.83644,88.62943
nawalgarh,"nawalgarh,na wa er jia er,navalagadha,?????,?????",58346.0,391.0,27.85161,75.27384
nawada,"nawada,naw?da",96730.0,93.0,24.8867,85.54364
nawa,"nawa,n?wa",20044.0,379.0,27.0195,75.00226
nasriganj,"nasriganj,nasriganji,n?sriganj",23286.0,102.0,25.0514,84.32839
narendranagar,narendranagar,4734.0,911.0,30.16173,78.28712
musafir-khana,"musafir-khana,musafirkhana,mus?fir-kh?na,mus?firkh?na",8081.0,107.0,26.37837,81.79607
muhammadabad,muhammadabad,22151.0,153.0,27.30895,79.43252
mirzapur,"mirzapur,mirzapur-cum-vindhyachal,mirzarpur,mirz?pur,????????",220029.0,90.0,25.1449,82.56534
melukote,"melkote,melukote",4011.0,1018.0,12.66258,76.64861
manor,"manor,manori,munnar",8918.0,19.0,19.7244,72.90966
seven pagodas,"mahabalipur,mahabalipuram,mahaballipuram,mahapalipuram,mahâballipuram,mah?balip?r,makhabalipuram,mamallapuram,m?mallapuram,seven pagodas,mamallapuram,?????????????,???????????",12415.0,11.0,12.62091,80.19331
majholi,"majholi,majhol?",11553.0,394.0,23.50114,79.92396
mairang,mairang,12586.0,1682.0,25.56165,91.63602
maibong,"maibang,maibong",8364.0,295.0,25.30125,93.13811
mahudha,mahudha,16828.0,49.0,22.82082,72.94032
loni,"lone,loni,????",164810.0,213.0,28.75143,77.29023
lakhtar,"lakhtar,luctor",14534.0,49.0,22.85683,71.78844
kuchaman,"kuchaman,kuchawan,kuch?man,kuch?wan",56725.0,396.0,27.14745,74.85655
krishnagiri,"krishnagiri,ke li si he na ji li,kiruttinakiri,krshnagry,krsnagiri,kurishunagiri,??????????,????????,?????????,?????????,?????????,??????????,?????????????,???????,???????",66419.0,492.0,12.51921,78.21382
kovalam,"kovalam,kovilam,???????",6000.0,200.0,8.36667,76.99667
kota,"kota,????",14632.0,189.0,24.44643,83.13063
konarka,"kanarak,konarak,konark,konarka,konârak,kon?rak,kon?rka,swiatynia surji w konarak,ke na er ke,konark,?wi?tynia surji w konarak,????????,????",16834.0,2.0,19.89021,86.09761
kolar,"kolar,kol?r,?????",126441.0,848.0,13.13768,78.12999
khaur,"khaur,khour",6690.0,280.0,32.6027,74.80918
kharsawan,"kharsawan,kharsawangarh,khars?w?n",7216.0,202.0,22.79093,85.83102
khargupur,khargupur,9576.0,117.0,27.37611,81.9882
khargapur,"khargapur,kharg?pur",13506.0,304.0,24.823,79.144
kharakvasla,"khadakvaslal,khadakwasla,khandakwalsa,kharakvasla",23677.0,583.0,18.43997,73.77545
kaveripatnam,"kaveripatnam,kaveripattinam,kaverippattanam,k?veripatnam,k?verippattanam",14208.0,466.0,12.42186,78.2188
kattupputtur,"kattupputtur,kattuputtur,katuputur,k?ttupputt?r,k?ttuputt?r",11040.0,112.0,10.99385,78.21929
kanodar,"kanodar,k?nodar",11953.0,180.0,24.08932,72.39354
kandhla,"kandhla,k?ndhla",43387.0,250.0,29.32104,77.27101
kanadukattan,"kanadukathan,kanadukattan,kanatu,kanatukattan,k?n?duk?tt?n,k?n?tu,k?n?tuk?tt?n",4813.0,107.0,10.17209,78.77935
kalavai,"kalavai,kalaval",10057.0,132.0,12.77029,79.41999
kalavad,"kalavad,k?l?vad",26287.0,100.0,22.20789,70.38343
kalanwali,"kalanwali,k?l?nw?li",27355.0,204.0,29.83573,74.9717
jubbal,"deorha,jubbal,jubbl",1327.0,2100.0,31.10923,77.65085
jobner,jobner,10828.0,399.0,26.97257,75.38752
jha-jha,"jha-jha,jhajha,jh?-jh?,nawadih",38624.0,139.0,24.77107,86.37888
jaynagar-majilpur,"jaynagar,jaynagar-majilpur",24510.0,10.0,22.17583,88.41778
jamnagar,"dzhamnagarom,jga,jamnagar,jamnogar,j?mnagar,navanagar,navangar,nawanagar,nowanagar,nowanuggur,???????????",492056.0,18.0,22.47292,70.06673
itanagar,"itanagar,it?nagar,kalyanpur,itanagara,itanagaram,itanagaru,ittanakar,????????,????????,??????,??????,?????????,?????,???????",44971.0,326.0,27.08694,93.60987
ghatal,"ghatal,gh?t?l",54658.0,12.0,22.66244,87.73399
guwahati,"gau,gauhati,gauháti,gauh?ti,gaukhati,guvahati,guvahatis,guvakhati,guwahati,gauhati,gu wa ha ti,gu'ahati,guhati,guraahati,guvahati,guvahatti,guwahati,guyahati,gwahty,gwaty,gwwa?aty,jwahaty,kuvahatti,kuvakatti,???????,????????,????????,???????,?????,??????,????????,??????,???????,????????,?????????,????????,????????,??????,????????,???????,?????????,?????????,?????,????????,?????????,?????,????????,????,????",899094.0,59.0,26.1844,91.7458
ganguvada,"ganguvada,ganguv?da,ganguvada,???????",2065.0,220.0,18.66667,84.11667
gadag,gadag,162569.0,655.0,15.42977,75.62971
dugda,dugda,20400.0,213.0,23.74516,86.17175
dudhani,"dudhani,dudhni",12735.0,445.0,17.35792,76.36688
dharuhera,"dharuhera,dh?ruhera",23132.0,255.0,28.20553,76.79691
dera nanak,"dera baba nanak,dera nanak,der? n?nak",7491.0,240.0,32.03733,75.02787
dakor,"dakor,d?kor,?????",25019.0,59.0,22.75268,73.14967
dabhol,"dabhol,d?bhol",9142.0,20.0,17.58971,73.18001
chittaurgarh,"chitor,chitorgarh,chittaurgarh,chittor,chittorgarh",106710.0,405.0,24.88963,74.62403
chittaranjan,"chittarandzhan,chittaranjan,mihijam,mihijan,mihij?m,????????????",45305.0,157.0,23.85681,86.90324
chandpur,"bijnor,chandpur,ch?ndpur",73555.0,231.0,29.13489,78.27187
chanderi,"chanderi,caderi,canderi,chanderi,qian de li,???????,??????,???????,????????,??????,???????,???",32549.0,453.0,24.71312,78.13809
champua,"champua,ch?mpua",9487.0,396.0,22.06734,85.66463
kannur,"cnn,cananor,cannanore,kananorskom,kannanur,kannur,kanoor,the city of looms and lores,the crown of kerala,kan'nuru,kannanuru,kannara,kannur,kannura,kannu?,kanura,kanwr,knwr,???????????,??????,?????,????,??????,??????,??????,??????,????,??????,??????,???????,?????????,???????,??????,?????",62836.0,13.0,11.86752,75.35763
bolanikhodan,"bolani,bolanikhodan,bol?ni,bol?n?khod?n",11942.0,501.0,22.11312,85.33645
birbhaddar,"birbhaddar,virbhadra",13058.0,332.0,30.0712,78.28189
bilaspur,"bilaspur,bil?spur,b?l?spur",8036.0,207.0,28.39128,77.62421
bhusaval,"bhusaval,bhusawal,bhus?val,bhus?wal",183001.0,206.0,21.04365,75.78506
bhasawar,bhusawar,18996.0,221.0,27.03895,77.04849
bhanvad,"bhanvad,bhanwar,bhauwar,bh?nvad",20823.0,55.0,21.93053,69.78081
begun,"begun,beg?n,?????",20836.0,420.0,24.98333,75.0
banda,"banda,b?nda",152218.0,127.0,25.47758,80.33491
baloda,baloda,12038.0,297.0,22.1389,82.48171
bali,"bali,bally,b?li,????",296973.0,8.0,22.64859,88.34115
bagalkot,"bagalakote,bagalkot,b?galkot,ba jia er ke te,bagalakota,pakalkot,????????,???????,???????,?????????,??????????,?????",97269.0,532.0,16.18673,75.69614
badnawar,"badnawar,badn?war",18790.0,515.0,23.02181,75.23268
babra,"babra,babra (india : taluka),b?bra",18993.0,161.0,21.84577,71.30544
avanigadda,avanigadda,25761.0,13.0,16.02148,80.91808
auras,"auras,aur?s",6591.0,131.0,26.91414,80.50792
arni,"arani,arni,?rani",62858.0,149.0,12.66771,79.28529
anantapur,"anantapour,anantapur,anantapuramu,anantapure,a na en ta pu er,anantapur,anantapura,anantapuram,anantapwr,annt pwr,??????????,?????????,??????????,?????????,???? ???,???????? ?????? ?????,???????,????????,??????????,????????,????????,?????????,????????,????????,???????,??????",240442.0,350.0,14.67784,77.60813
allahabad,"alahabadas,alla abba habab,allahabad,allahabad - ilahabada,allahabad - ????????,allah?b?d,allakhabad,all?h?b?d,ixd,ilahabad,il?h?b?d,prayag,prayagraj,pray?g,alakapat,an la a ba de,arahabado,elahabada,ilahabada,irahabado,?????????,?????????,??? ????,????????,????????,????????,??????,????????,?????",1073438.0,99.0,25.44478,81.84322
aligarh,"aligarh,aligarkh,al?garh,koil,aligara,aligarha,???????,??? ???,??????,??????",753207.0,189.0,27.88145,78.07464
ajaigarh,ajaigarh,14640.0,223.0,24.89879,80.25921
afzalpur,afzalpur,20094.0,422.0,17.19986,76.36018
bankra,bankra,56273.0,6.0,22.60291,88.27751
bawali,bawali,9868.0,9.0,22.42563,88.19336
serpur,serpur,7936.0,8.0,22.32344,88.30775
chhutmalpur,chhutmalpur,11127.0,298.0,30.03209,77.75329
kupwara,"kopawor,kupwara,kupw?ra",14711.0,3681.0,34.03056,74.26417
manuguru,"manugur,manuguru",32539.0,66.0,17.93023,80.82671
ramanayyapeta,ramanayyapeta,22323.0,7.0,16.94516,82.2385
zira,"qi la,????? ?????,??",31350.0,214.0,30.96853,74.99106
thoothukudi,"tcr,thoothukkudi,thoothukudi,tuticorin,tutikorin,tutukudi,du di ge lin,thothukkuri,to~utto~ukkudi,tutikorina,tuttukkuti,tuttukkuti turamukham,tutukudi,twtwkwdy,?????????,????????,????????,????????,????????,????????????,?????????,???????????,????????????,???????????? ???????,??????????,????,????",410760.0,2.0,8.76735,78.13425
injambakkam,injambakkam,23346.0,8.0,12.9162,80.2488
wadi,"vadi,wadi,w?di,????",30602.0,431.0,17.05183,76.99048
visakhapatnam,"vtz,vaisakhapattanam,vais?khapattanam,visak,visakha,visakhapatnam,visakhapatnamas,vishakhapatnam,vishakkhapatnam,vish?khapatnam,visákhapatnam,vizag,vizag city,vizagapatam,vizagapatnam,bisakhapatana,bisakhapattama,bisyakapateunam,fshakabatnm,fysakhabatnam,fyshakhabatnam,vicakappattinam,visakhapatanama,visakhapatnam,visakhapattanam,visakhapattanama,vu~ishakapatonamu,w shak?a p?nm,wei sha ka pa te nan,wisakha pat tnam,wshakapatnm,wshak? p?nm,wshak?ap?nm,wysakapatnam,????????????,???????????a?,?????????????,?????????????,??????????,????????????,????????????,? ????? ????,??????????,????? ????,??????????,???????????,????????????,????????????,????????????,????????????,????????????,???????????,??????????,???????????,???????????????,??????????,???????????,???????????,?????????????,?????????????,??????????????,??????????,??????,??????",1063178.0,24.0,17.68009,83.20161
valpoy,"valpoi,valpoi town,valpoy",8330.0,31.0,15.53239,74.13671
valavanur,"valavanur,valavan?r",14463.0,34.0,11.92094,79.58239
vadippatti,"vadipatti,vadippatti",22441.0,193.0,10.08481,77.96113
tuljapur,"tuljapur,tulj?pur",35596.0,647.0,18.00804,76.07011
tuensang,"mozungjami,moz?ngj?mi,tuensang",33748.0,1122.0,26.26704,94.82415
tijara,"tijara,tij?ra",21833.0,299.0,27.93411,76.85541
surgana,"surgana,surg?na",6566.0,526.0,20.55956,73.63747
sorada,"sorada,surada",15117.0,98.0,19.76082,84.42997
sodpur,"sodpur,sudpur",7037.0,8.0,22.70428,88.39166
sirumugai,"sirumugai,sirumugal,cirumukai,????????",20066.0,288.0,11.32137,77.00521
shankargarh,shankargarh,14137.0,136.0,25.182,81.61769
shahpura,"shahpura,sh?hpura",29259.0,371.0,25.62094,74.92487
sayla,"sayla,s?yla",15376.0,135.0,22.54925,71.48324
saurikh,"saurikh,saurnikh",12055.0,150.0,27.03051,79.48813
sangamner,"sangamner,sangamnor",67309.0,557.0,19.56784,74.21154
sakleshpur,"saklaspur,sakleshpur",24931.0,935.0,12.94119,75.78467
rohtak,"rohtak,rokhtak,luo he ta ke,rohataka,rwhtak,rwtk,??????,????,??????,?????,?????,?????,?????,?????,????",317245.0,222.0,28.89447,76.58917
revadanda,"revadanda,revdanda",10416.0,10.0,18.55363,72.92559
raurkela,"rrk,raurkela,raurkella,roukela,rourella,rourkela,rourkera,rurkela,lu ji la,ra'urakela,ravurkela,rurakela,rwrkla,rxr ke la,???????,??????,????????,???????,????????,???????,????????,??????????,????????,????????,???",536450.0,195.0,22.22496,84.86414
rasipuram,"rasipur,rasipuram,r?sipuram,r?s?pur",48950.0,234.0,11.46009,78.18635
ramnagar,"ramnagar,r?mnagar",44277.0,84.0,25.26907,83.02971
ramban,"ramban,r?mban",7317.0,724.0,33.24278,75.23513
razampeta,"rajampet,razampeta,r?jampet,r?zampeta",31079.0,139.0,14.19544,79.15896
pushkar,"pouskar,pushkar,puskar,puskár,puszkar,púshkar,pshkr,pu si he ka er,pusakara,puskar,puskara,puskaranagaram,pwsqr,???????,??????,?????,????,??????,???????????,??????,??????,??????,??????,???????,???????,?????",16173.0,495.0,26.49022,74.55211
phillaur,phillaur,22588.0,246.0,31.01887,75.79111
phek,phek,15118.0,1696.0,25.66667,94.5
penugonda,penugonda,23654.0,16.0,16.65363,81.7455
patti,patti,37087.0,219.0,31.28092,74.85849
patrasaer,"patrasaer,patrassyar,p?tras?er",11520.0,58.0,23.19697,87.53319
patnagarh,"patnagarh,patn?garh",19582.0,246.0,20.70833,83.13263
pandhurna,"pandhurna,p?ndhurna,p?ndhurn?",43630.0,470.0,21.59556,78.52628
panagar,"panagar,panagar bazar,panagara,pan?gar,p?n?gar",26619.0,391.0,23.28539,79.99509
palkonda,"palakonda,palkonda,p?lkonda,palakonda,???????",29378.0,52.0,18.60374,83.75568
odugattur,"odugathur,odugattur,odugatt?r,udugattur,udugatt?r",8282.0,333.0,12.76793,78.88304
nawabganj,"nawabganj,naw?bganj",17015.0,100.0,26.86396,82.14103
nangloi jat,"nangloi,nangloi jat,n?ngloi j?t",194363.0,218.0,28.67957,77.06799
nandurbar,"nandurbar,nandurb?r",100703.0,216.0,21.36671,74.24051
muluppilagadu,"mulappilangad,mulappilangal,mulappilang?d,muluppilagadu,muzhappilangad",23030.0,11.0,11.79788,75.45111
mothihari,"mothihari,moth?h?ri,motihan,motihari,mot?h?ri,motihari,????????",112144.0,74.0,26.64862,84.91656
mon,mon,18742.0,1000.0,26.73583,95.05841
miranpur,"miranpur,m?r?npur",27390.0,243.0,29.29026,77.94939
mhasla,"mhasla,mhusla",9331.0,25.0,18.1334,73.11162
majalgaon,"majalgaon,manjlegaon,m?jalgaon",47845.0,435.0,19.15988,76.20832
mangaldai,mangaldai,24871.0,62.0,26.44212,92.03047
mamit,mamit,6104.0,870.0,23.92703,92.48968
malkapur,"malkapur,malk?pur",13343.0,576.0,16.91999,73.9347
malakanagiri,"malakanagiri,malakangairi,malkanagiri,malkangiri,m?lk?ngiri",25054.0,189.0,18.36428,81.888
maler kotla,"maler kotla,m?ler kotla",113840.0,251.0,30.5309,75.87949
mahbubnagar,"mahboobnagar,mahbubnagar,mahb?bnagar",136135.0,505.0,16.74385,77.98597
mahbubabad,"mahboobabad,mahbubabad,mahb?b?b?d",37949.0,198.0,17.59728,80.00207
laharpur,"laharpur,l?harpur",55911.0,142.0,27.70827,80.90256
kodlipet,kodlipet,2686.0,954.0,12.80087,75.88662
kiranur,kiranur,10133.0,108.0,10.56988,78.78682
khurja,khurja,105909.0,205.0,28.25382,77.85535
khekra,khekra,42408.0,224.0,28.86586,77.2841
khardah,"khardah,khardaha",128346.0,10.0,22.71861,88.37806
khailar,"khailar,khailor,khail?r",13334.0,271.0,25.34127,78.53133
kesinga,kesinga,17994.0,195.0,20.18778,83.21949
kariapatti,"kariapatti,kariyapatti,kariyapattinam,k?riy?patti",14398.0,91.0,9.67505,78.09992
kant,"kant,k?nt",24430.0,155.0,27.81049,79.79185
kandri,"kandri,k?ndri",8315.0,344.0,21.4203,79.27663
kankanhalli,"kanakapura,kanakpura,kankanhalli,k?nk?nhalli",50752.0,639.0,12.54654,77.42005
kakinada,"cocanada,coconada,east godavari,godavari,kakinada,k?kin?da,kakinada,????????,???????",292923.0,6.0,16.96036,82.23809
kadayanallur,"kadaiyanallur,kadaiyanall?r,kadayanallur",77772.0,195.0,9.07277,77.34152
jua,jua,5470.0,4.0,15.5307,73.95047
jalarpet,"jalarpet,jal?rpet,jolarpettai,jol?rpettai",40959.0,414.0,12.57025,78.57318
jogbani,jogbani,33300.0,68.0,26.39905,87.26525
jobat,jobat,10785.0,305.0,22.41599,74.56828
jawhar,"jawhar,jawh?r",12082.0,462.0,19.91213,73.22679
jamuria,"jamuria,jaykayanagar,jaykaynagar,j?muria",160242.0,132.0,23.70468,87.07872
jais,"jais,j?is",25726.0,124.0,26.2649,81.54855
indergarh,indergarh,17366.0,148.0,26.93521,79.6712
harpalpur,"harpalpur,harp?lpur",17731.0,214.0,25.28773,79.33279
goalpara,"goalpara,go?lp?ra",50759.0,43.0,26.17668,90.62634
giridih,"giridih,g?r?d?h,girid'iha,girid'iha jila,giridi,gry?y?,??????,???????,??????? ????,??????",60000.0,305.0,24.18622,86.30875
gautampura,"gautampura,runaj",14562.0,502.0,22.98664,75.51921
garhwa,"garhwa,garwa",40662.0,203.0,24.16002,83.80755
ganganagar,"ganganagar,gang?nagar,sri ganganagar,sri gang?nagar,sriganga najar",231838.0,176.0,29.92009,73.87496
gadhada,gadhada,28611.0,89.0,21.96957,71.57828
fatwa,fatwa,41647.0,55.0,25.50958,85.30504
dongargarh,dongargarh,35508.0,352.0,21.18893,80.75459
dighwara,"digha,dighwara,dighw?ra",29270.0,59.0,25.74434,85.01003
dhanbad,"dbd,dhanabad,dhanbad,dhanbaid,dhanb?d,dkhanbad,dan abad,danbad,danbado,dhanabada,dnbad,d?nbad,???????,??? ????,??????,?????,??????,?????,???????,?????",219636.0,220.0,23.79759,86.42992
dergaon,dergaon,13366.0,84.0,26.7,93.96667
dalmau,dalmau,11432.0,108.0,26.06477,81.0298
chuari khas,"chuari khas,chu?ri kh?s",3430.0,1040.0,32.43058,76.01428
chitradurga,"chitaldroog,chitaldrug,chitaldurg,chitradurg,chitradurga,chitrakaldurga,chitteldrug,citradurga,citradurga nagara,citradurgam,citraturka,??????????,??????????,????????????,??????????,???????????,?????????? ???",138587.0,747.0,14.22262,76.40038
chirgaon,"chirgaon,ch?rgaon",14147.0,199.0,25.57198,78.81432
chetwayi,"chaughat,chavakkad,chetwagi,chetwayi,chitwye,chowghat,ch?vakk?d",38011.0,7.0,10.52885,76.04793
chapar,"chapar,ch?par,ghapar,gh?par",19301.0,42.0,26.27266,90.44556
chakan,"chakan,ch?kan",23161.0,619.0,18.76059,73.86351
burhanpur,"burhanpur,burh?npur",202695.0,251.0,21.30868,76.23026
bokaro,"bokaro,bokaro steel city,bok?ro,??????",418533.0,242.0,23.78707,85.95644
bhudgaon,"bhudgaon,budhgaon",15738.0,569.0,16.90742,74.59954
bhandara,"bhandara,bhand?ra,bkhandara,????????",90183.0,262.0,21.16817,79.64885
bhadravati,"bhadravati,bhadr?vati",163903.0,592.0,13.84846,75.70502
bhadrakh,"bhadrak,bhadrakh",98648.0,18.0,21.05447,86.5156
bhadohi,"bhadohi,bhadoh?,xxb,ba duo xi,bhadohi,bhanadohi,??????,?????,???????,???",78568.0,94.0,25.39526,82.5703
bewar,bewar,23280.0,158.0,27.21869,79.29761
basna,basna,9305.0,277.0,21.27885,82.8267
baranagar,"baranagar,baranagaras,baranagore,ba la na jia er,barahanagara,baranagara,barangr,?????????,???????,???????,???????,???????,?????",260072.0,10.0,22.64132,88.37727
bamora,bamora,7981.0,419.0,24.05539,78.08925
bali chak,bali chak,12957.0,22.0,22.36482,87.55304
asarganj,asarganj,6020.0,51.0,25.15046,86.68639
anantnag,"anantnag,anantn?g,islamabad,isl?m?b?d,a na en te na ge,anantanaga,anantanak,anantnag,anantnaj,anatanaga,annt nag,anntnag,????????,????????,????????,???? ???,???????,???????,????????,???????,???????,????????,?????????,??????????,??????",79821.0,1606.0,33.73068,75.15418
amod,"amod,broach",18742.0,16.0,21.99317,72.87047
amla,amla,29995.0,745.0,21.92485,78.12786
amarnath,"amarnath,amarnatkh,amarn?th,ambarnath,????????",217780.0,44.0,19.2,73.16667
alandi,"alandi,alandi-devachi",21383.0,572.0,18.67756,73.89868
parbatipur,parbatipur,8657.0,11.0,22.6625,88.22222
nangi,nangi,440894.0,10.0,22.50833,88.21528
pujali,pujali,45379.0,12.0,22.4711,88.1453
baddi,baddi,22592.0,426.0,30.95783,76.79136
bhiwadi,bhiwadi,33831.0,268.0,28.21024,76.86056
kamthi,"kamptee,kamtha,kamthi,k?mtha,k?mthi,kampti",86213.0,288.0,21.21615,79.1973
kalyan,"kal'jan,kalyan,kaly?n,??????",1262255.0,10.0,19.2437,73.13554
kaimganj,kaimganj,32858.0,161.0,27.55441,79.33525
jora,"jora,joura,zhora,????",26338.0,191.0,26.34209,77.8092
jharia,"jharia,gu li ya,jhariya,?????,???",86938.0,204.0,23.74079,86.41456
jamtara,"jamtara,j?mt?ra",24388.0,199.0,23.963,86.80285
jaisingpur,"jaisingpur,jayasingpar,jaysingpur",46942.0,558.0,16.77639,74.55361
jaipur,"caypur,dzaipur,dzaipuras,dzajpur,dzajpura,dzhajpur,dzsaipur,d?ajpur,daipur,daipuras,dajpur,dajpura,gajpuro,iaipura,jai,jainagar,jaipur,jaipur city,jayapur,jaypur,jeypore,tzaipour,zhajpur,ceyppur,chay pu ra,g?ypwr,jaipuleu,jaipura,jaipuru,jayapura,jayapuram,jaybwr,jaypwr,jypwr,zhai pu er,zhai pu ya,?ajpuro,????????,??????,???????,??????,???????,??????,??????,??????,?????,?? ???,?????,???????,?????,??????,??????,?????,?????,?????,??????????,???????,???????,???????,?????,???,???,????",2711758.0,435.0,26.91962,75.78781
jahazpur,"jahazpur,jah?zpur",20350.0,343.0,25.61994,75.27609
jagnair,jagnair,10023.0,186.0,26.8636,77.60231
hosangadi,hosangadi,2609.0,103.0,13.69756,74.95427
hindupur,hindupur,133298.0,630.0,13.82807,77.49143
guru har sahai,"guru har sahai,guru har sah?i",16027.0,191.0,30.70862,74.40407
guntur,"guntur,guntura,gunt?r,ghntwr,gntwr,gn?wr,guntur,gunturu,gwntwr,jwntwr,???????,??????,?????,?????,?????,??????,???????,???????",530577.0,31.0,16.29974,80.45729
gola bazar,"gola bazar,gola b?z?r",10936.0,82.0,26.3446,83.35303
gangakher,gangakher,46366.0,382.0,18.96962,76.74946
gandhidham,"gandhidham,gandi dham,g?ndh?dh?m",166388.0,21.0,23.08333,70.13333
gandarbal,"gandarbal,ganderbal,g?ndarbal",16271.0,1593.0,34.22619,74.77478
gagret,gagret,3025.0,470.0,31.65846,76.06144
fatehpur chaurasi,"fatehpur,fatehpur chaurasi,fatehpur chaur?si",5931.0,130.0,26.78925,80.26547
fyzabad,"faizabad,faiz?b?d,fajzabad,fyzabad,fyz?b?d,????????",153047.0,106.0,26.77549,82.15018
dungarpur,"dungarpur,d?ngarpur",45195.0,292.0,23.84306,73.71466
dindori,dindori,19263.0,673.0,22.94141,81.07975
didwana,"didwana,d?dw?na",49852.0,348.0,27.40096,74.57537
dhanaula,dhanaula,19281.0,228.0,30.28216,75.57341
dewa,"dewa,dew?",14375.0,128.0,27.03621,81.16692
deogarh,deogarh,21134.0,220.0,21.53827,84.73337
davangere,"davanagiri,davangere,davangeri,devangere,d?vangere",435128.0,592.0,14.46693,75.92694
chhatarpur,"chantarpur,chhatarpur,chkatarpur",111594.0,311.0,24.9177,79.58871
chengannur,"chengannur,chengann?r",25043.0,14.0,9.31575,76.61513
charkhari,"charkhari,charkh?ri,maharajnagar,m?h?r?jnagar",24881.0,198.0,25.40304,79.74877
burla,burla,40816.0,167.0,21.50976,83.87259
birur,"birur,bir?r",23493.0,799.0,13.59723,75.97167
bilgi,"bilg,bilgi",16257.0,566.0,16.34714,75.61804
bilariaganj,"bilariaganj,bilari?ganj,bilrayaganj,bilray?ganj",13244.0,83.0,26.19593,83.2269
bhilwara,"bhilwara,bh?lw?ra",326431.0,419.0,25.34707,74.64081
bhilai,"bhilai,bhilai nagar,bhilaj nagar,bhilajus,bhil??,bilaj,bkhilai,balay,bhila'i,bhila'i nagara,bhilai nagara,bi lai,billai,birai,pilay,?????,??????,?????,??????,??????,?????,???? ???,????? ???,?????,??????,?????,??,???",625138.0,307.0,21.20919,81.4285
bhigvan,bhigvan,8753.0,501.0,18.3007,74.76701
bhawaniganj,bhawaniganj,38030.0,381.0,24.41582,75.83552
bhavnagar,"bhu,baunagar,bharnagar,bhaunagar,bhavnagar,bhunagar,bh?vnagar,bkhavnagarom,ba fu na jia er,babeunagaleu,bavunagaru,bawngr,bhavanagara,bhav?nagar,b?awngr,pavanakar,???????????,??????,???????,??????,??????,??????,?????????,??????,?????,?????",554978.0,24.0,21.76287,72.15331
bhagalpur,"bhagalpur,bh?galpur",361548.0,52.0,25.24446,86.97183
bhadreswar,bhadreswar,121662.0,11.0,22.82449,88.33841
beniganj,"beniganj,ben?ganj",10418.0,139.0,27.29293,80.44364
belgaum,"belagaavi,belagavi,belagoavi,belag?vi,belgaan,belgaavi,belgaon,belgaum,belgaumas,ixg,bei er gao mu,belaga'uma,belagam,belagamva,belaganva,belagavi,belgam,belgaum,berugaumu,blgam,blgaywm,bylgawm,bylgwm,pelkam,???????,???????,?????,???????,??????,???????,???????,???????,???????,???????,???????,??????,????????,???????,???????,??????,?????,????,???",428720.0,769.0,15.85212,74.50447
basavana bagevadi,"bagevadi,basavana bagevadi,basavana b?gev?di,b?gev?di",30827.0,618.0,16.57278,75.97252
baruni,"barani,baruni,b?runi,??????",84888.0,50.0,25.47509,85.96813
barpathar,"barpathar,barpath?r",7445.0,123.0,26.28709,93.88844
barasat,"barasat,b?r?sat",237783.0,7.0,22.22516,88.45086
banposh,"banposh,banposi,b?nposh,b?nposi,panposh",10430.0,199.0,22.24834,84.81044
bangarmau,"bangarmau,b?ngarmau",37425.0,132.0,26.8912,80.21149
baldeogarh,baldeogarh,8282.0,341.0,24.75619,79.06715
balarampur,"balarampur,balar?mpur",22847.0,281.0,23.09714,86.22292
balapur,"balapur,b?l?pur",42401.0,277.0,20.66612,76.77386
bada barabil,"bada barabil,bada barab?l,barabil",56870.0,470.0,22.11186,85.38684
azamgarh,"azamgarh,azamgarkh,a zha mu jia er,ajamagadha,ajamagadha jilla,ajamagadha-nagaram,ajamagara,ajhamagadha,azamagarha,azamugaru,?zamgarh,????????,???? ???,?????,????? ??????,?????-?????,???????,?????,??????,?????,????????,??????,?????",116644.0,84.0,26.06832,83.18358
aurangabad,"aurangabad,aurang?b?d",95929.0,116.0,24.75204,84.3742
arang,arang,17503.0,284.0,21.19639,81.96912
aonla,"aonla,aonla kila",50011.0,175.0,28.27402,79.16521
amravati,"amaravati,amraoti,amraot?,amravati,amr?vati",603837.0,341.0,20.93333,77.75
amalner,"amalner,a ma er nei er,amalanera,amalner,amalnera,amalnr,aml nyr,??? ???,??????,???????,??????,???????,??????,??????,????????,?????",97369.0,189.0,21.03983,75.05887
ahraura,"ahraura,ahraur?",25075.0,106.0,25.01579,83.03294
achalpur,"achalpur,ellichpur,a qia er pu er,acalapura,accalpur,acharupuru,achlpwr,akalpwr,alacapura,??????,???????,??????,??????,??????,??????,??????,??????????,??????,?????",111278.0,376.0,21.25665,77.51006
kheri sampla,kheri sampla,10891.0,223.0,28.7781,76.7756
muvattupuzha,"mu wa te tu pu zha,mubattupujha,mubattupuyha,muvarruppulai,muvarrupula,muvattupujha,muvattupusa,??????????,????????????,????????????,?????????????,????????????,??????????????,???????????,??????",29246.0,41.0,9.97985,76.57381
singrauli,"singrauli,singara'uli,singarauli,sinra'uli,sngrawly,syngrawly,xin ge lao li,?????????,????????,?????????,????????,????????,??????????,????",185580.0,383.0,24.19973,82.67535
morigaon,"marigaon,morigaon",20807.0,63.0,26.24908,92.34764
bhagirathpur,bhagirathpur,3500.0,60.0,26.2695,86.06346
kamjong,kamjong,24588.0,1564.0,24.85846,94.51549
zaidpur,zaidpur,33397.0,121.0,26.83093,81.32929
vriddhachalam,vriddhachalam,61498.0,41.0,11.5183,79.32411
vinchia,"vichhia,vinchia",12355.0,175.0,22.21027,71.37967
vengurla,"vengurla,oyenagurala,raenagurala,vengurla,wen ge wu er la,wngwrla,wyngrla,???????,???????,????????,?????????,??????????,????????,?????",12498.0,17.0,15.86125,73.63182
vallabh vidyanagar,"vallabh,vallabh vidhyanagar,vallabh vidyanagar",32581.0,36.0,22.53333,72.9
vaikam,"vaikam,vaikom",22807.0,14.0,9.74858,76.39637
vaghodia,"vaghodia,v?ghodia,waghoria",14606.0,54.0,22.30505,73.40016
vadlapudi,vadlapudi,17881.0,33.0,14.31119,79.8043
vadamadurai,"vada-madura,vadamadurai",15886.0,293.0,10.44081,78.09784
umarkot,umarkot,27545.0,615.0,19.66529,82.20629
tiruppuvanam,tiruppuvanam,22517.0,109.0,9.82564,78.25795
tiruppalaikudi,"thiruppalaikudi,tirupalakudi,tiruppalaikkudi,tiruppalaikudi,tirupp?laikkudi,tirupp?laikudi",8824.0,9.0,9.54606,78.91721
tirukkoyilur,"tirukkovilur,tirukkoyilur,tirukkoyil?r",28337.0,104.0,11.9662,79.20259
thirukattupalli,"tirukattupalli,tirukkattuppalli,tirukk?ttuppalli",12465.0,50.0,10.84431,78.95647
tarabha,"tarabha,tarbha,torba",8155.0,134.0,20.73252,83.67443
tadepalle,tadepalle,34357.0,54.0,16.48333,80.6
sultanpur,"sultanpur,sultanpur lodhi,sult?npur,sult?npur lodhi",16344.0,217.0,31.21468,75.19602
sindi,sindi,13636.0,249.0,20.80509,78.88752
sihora,"sihora,sihor?",41192.0,391.0,23.4871,80.10404
shyamnagar,"shamnagar,shamnagore,shyamnagar,syamnagar,sy?mnagar",441956.0,8.0,22.83333,88.36667
shantipur,"santipur,shantipur,sh?ntipur,s?ntipur",149983.0,15.0,23.24723,88.43302
shahpur,"shahpur,sh?hpur",19370.0,253.0,21.23742,76.22558
secunderabad,"sekunderabad,cikkantarapat,sai kang de la ba de,sekkandrabad,sekundarabada,sekundelabadeu,shikandarabado,sikandarabada,sikindrabad,skndr abad,????????????,????? ????,??????????,?????????????,??????????????,?????????????,???????????????,?????????,??????,??????",204182.0,566.0,17.50427,78.54263
sanvordem,"sanvarden,sanvordem",5051.0,20.0,15.26269,74.11965
sangareddi,"sangareddi,sangareddipet,sangareddypeta,sang?reddi,sangareddi,??????????",59199.0,514.0,17.62477,78.08669
samastipur,"samastipur,samast?pur,sam?stipur",57575.0,52.0,25.86222,85.77953
samalkha,"samalkha,sam?lkha",35620.0,226.0,29.23552,77.01273
ropar,"ropar,rupar,rupnagar,r?par,r?pnagar",52313.0,287.0,30.96896,76.52695
rishra,rishra,117014.0,11.0,22.72394,88.34563
rehti,"rehti,rheti",10716.0,308.0,22.73781,77.43399
rawatsar,"rawatsar,r?wats?r",31016.0,182.0,29.26724,74.40288
rahimatpur,"rahimatpur,rahunatpur",17260.0,649.0,17.5921,74.19966
raghunathpur,"raghunathpur,raghun?thpur",22802.0,176.0,23.53878,86.6735
raghogarh,"raghogarh,raghugarh,r?ghogarh,r?ghugarh",63873.0,444.0,24.44318,77.19768
qazigund,"qazigund,q?zigund",5576.0,1666.0,33.63828,75.14261
purnia,"purnia,purnija,p?rnia,bwrnya,pu er ni ya,puraniya,purni'a,purniya,pwrnya,??????,???????,??????,??????,??????,????????,????????,????????,?????????,???????,????????,????",198453.0,44.0,25.77895,87.47422
pollachi,"pollachi,poll?chi,bo la qi,peallacci,pollacci,pollaci,pwlachy,??????,????????,????????,????????,??????????,????????,??????????,???",88214.0,294.0,10.65825,77.0085
pilkhua,"pilkhua,pilkhuwa",74212.0,220.0,28.71271,77.656
periyanegamam,periyanegamam,7913.0,357.0,10.74317,77.10296
pennagaram,"pennagaram,penn?garam",15758.0,510.0,12.13433,77.89525
pangala,"pangala,p?ng?la",1948.0,15.0,13.25,74.75
pandaria,pandaria,13875.0,345.0,22.22495,81.40994
osmanabad,"omn,osmanabad,osm?n?b?d,usmanabad,ao si ma na ba de,osamanabada,osmanabada,usamanabada,usmanabada,usumanabado,?????????,????? ????,??????????,?????????,?????????,??????????,??????????,?????????,??????",85521.0,665.0,18.18158,76.03889
nurpur,"nurpur,n?rpur",39077.0,231.0,29.14956,78.4084
nizamabad,"nizamabad,niz?m?b?d",13895.0,86.0,26.05295,83.05787
nirmali,"nirmali,nirm?li",17102.0,58.0,26.31397,86.58537
nazira,"nazira,n?zir?",14302.0,101.0,26.91649,94.73611
narharpur,narharpur,6500.0,402.0,20.44892,81.62004
nanauta,"nanauta,phuta shahr",18738.0,267.0,29.71215,77.41728
naldurg,"naldrug,naldurg",17261.0,568.0,17.81667,76.28182
nabinagar,"nabinagar,nab?nagar",20848.0,144.0,24.60681,84.12624
muri,muri,12656.0,262.0,23.37074,85.86236
munirabad,"munirabad,munir?b?d",8246.0,473.0,15.30928,76.3383
mulanur,"mulanur,m?lan?r",12264.0,223.0,10.79426,77.7115
mudgal,"mudgal,midgala,mu de jia er,mudagal,mudagala,mudogaru,??????,??????,??????,????,????",21006.0,552.0,16.01191,76.44203
mhasvad,"mhasvad,mhaswad,mh?sv?d",21404.0,609.0,17.63359,74.78773
merta,merta,43758.0,324.0,26.64859,74.03414
mehnagar,mehnagar,14897.0,84.0,25.87889,83.11611
mavelikara,"mavalikara,mavelikara,mavelikkara,m?velikara",28300.0,12.0,9.25929,76.55642
mariahu,"mariahu,mari?hu",22248.0,94.0,25.60404,82.60379
manoharpur,manoharpur,28928.0,456.0,27.29769,75.9495
mandholi kalan,"mandholi,mandholi kalan,mandholi kal?n,mandholi sheoran ki,mandholi badi",4500.0,234.0,28.7085,75.68296
malvan,"malvan,malwan,m?lvan",18858.0,14.0,16.05981,73.4629
kuzhithurai,"kuzhithurai,kuzhittura",20611.0,57.0,8.31792,77.19192
kunda,kunda,24948.0,109.0,25.71702,81.51396
kumta,"coompta,kumpta,kumta,ku mu ta,kumata,kumta,??????,?????,?????,???",27999.0,37.0,14.42853,74.4189
kud,"kud,k?d",1242.0,1792.0,33.07246,75.28727
koynanagar,koynanagar,28091.0,642.0,17.4,73.76667
kotturu,"kothur,kottur,kotturu,kott?ru",24004.0,585.0,14.82442,76.22005
kottayam,"kotayam,kottajam,kottayam,kattayama,ke te ta ye mu,keattayam,kotayam,kottayam,kottayama,???????,??????,????????,????????,?????????,?????????,???????,????????,????????,????????,???????,?????,???",59437.0,20.0,9.58692,76.52132
koregaon,"koregaon,koregaon-bhima",25846.0,552.0,18.64573,74.05909
kondagaon,"kondagaon,kondegaon",27626.0,597.0,19.59083,81.664
khamanon kalan,"khamanon,khamanon kalan,kham?non,kham?non kal?n",9396.0,275.0,30.81725,76.35478
katras,"katras,k?tr?s",57349.0,199.0,23.79752,86.29834
katra,katra,9106.0,868.0,32.99167,74.93195
katpadi,"katpadi,k?tp?di",16408.0,213.0,12.96951,79.14552
vilattikulam,"vilatikulam,vilattikulam,vil?ttikulam",14802.0,28.0,9.13227,78.16635
vellore,"vellor,vellore,velluru,velur,veluru,belloleu,bellore,bhellora,vellor,vellora,vellura,velluru,velur,velura,vu~eruru,wei luo er,wylwr,??????,???????,??????,?????,???????,???????,????????,???????,????????,?????,???????,??????,????????,???????,??????,???,???",177081.0,218.0,12.9184,79.13255
vayalar,"vayalar,vayal?r,vayalaru,??????",25094.0,9.0,9.71158,76.33888
unjha,unjha,54620.0,116.0,23.80366,72.39101
udpura,udpura,10014.0,338.0,24.73355,75.97514
udgir,"udgir,udg?r",101064.0,643.0,18.39258,77.11756
udaipur,"udaipur,udajpur,???????",23290.0,28.0,23.53333,91.48333
tori-fatehpur,tori-fatehpur,10210.0,182.0,25.45505,79.11428
tiruchengode,"di lu qin ge ao de,tiruccenkotu,tirucengode,??????????,????????????,??????????????,??????",87123.0,246.0,11.38016,77.89444
tekkalakote,"takkalakote,tekkalakota,tekkalakote",25530.0,398.0,15.53444,76.87703
tal,tal,14244.0,455.0,23.71979,75.38514
sundarnagar,sundarnagar,25338.0,884.0,31.53523,76.905
srisailain,"srisailain,srisailam,sr?sailain,sr?sailam",24142.0,440.0,16.07217,78.86816
singarayakonda,"singaraya konda pagoda,singarayakonda,singar?yakonda",17796.0,17.0,15.23046,80.02794
shivpuri,"shivpuri,shivpur?,si xi wo pu li,sibapuri,sivapuri,???????,???????,???????,???????,???????,?????",164215.0,463.0,25.42378,77.66223
savantvadi,"savantvadi,s?vantv?di",23384.0,107.0,15.90413,73.82191
sarangpur,"sarangpur,s?rangpur",35827.0,431.0,23.56651,76.47306
saharanpur,"saharanpur,sah?ranpur",484873.0,280.0,29.9679,77.54522
remuna,remuna,30319.0,25.0,21.52798,86.87156
ramnagar,"ramnagar,r?mnagar",51244.0,364.0,29.3925,79.1283
rajmahal,"rajmahal,r?jmahal",19711.0,34.0,25.05303,87.83048
rajgarh,"rajgarh,r?jgarh",2865.0,1524.0,30.85142,77.30066
raichur,"raichur,rajchur,r?ich?r,??????",225962.0,402.0,16.20546,77.35567
radhakund,"radha kund,radhakund,r?dha kund,r?dh?kund",6420.0,190.0,27.52432,77.49101
phulera,"phalera,phulera",22572.0,385.0,26.87401,75.24171
partur,"partur,part?r",30991.0,453.0,19.59925,76.21541
partapur,"partapor,partapur,part?pur",10080.0,155.0,23.59276,74.17396
parlakimidi,"paria kimedi,parlakimidi,parl?kimidi,purlakimedy,parlakimidi,???????????",45379.0,71.0,18.78113,84.08836
papparappatti,"papparapatti,papparappatti,p?pp?rappatti",11617.0,496.0,12.22086,78.0592
panchgani,"panchagani,panchgani,p?nchgani",14400.0,1263.0,17.92449,73.8008
pallavaram,"pallavaram,pall?varam",157145.0,25.0,12.96796,80.15025
pahasu,"pahasu,pah?su",18854.0,196.0,28.1722,78.06376
nurpur kalan,"nurpur,nurpur kalan,n?rpur,n?rpur kal?n",9437.0,299.0,31.16667,76.48333
nirsa,"nirsa,nirs?",14124.0,142.0,23.78438,86.70692
neem ka thana,neem ka thana,32690.0,458.0,27.73976,75.78652
nelamangala,nelamangala,28697.0,898.0,13.09978,77.39364
niwai,newai,35114.0,347.0,26.36073,75.91836
nathdwara,"nathdwara,nathwara,n?thdw?ra",39426.0,585.0,24.93805,73.82392
narayangarh,"naraingarh,narayangarh,nar?yangarh,n?r?yangarh",20085.0,332.0,30.47798,77.12804
nandikotkur,"nandikotkur,nandikotk?r",45343.0,303.0,15.85668,78.26569
mysore,"myq,mahisur,mahis?r,maisur,maisuru,maisúr,mais?r,mais?ru,majsor,majsur,majszur,mysooru,mysore,mysuru,mys?ru,májszúr,ma'isora,mahisura,mai suo er,maicur,maisoleu,maisoru,maisura,maisuru,mayswr,mhaisura,myswr,??????,??????,??????,?????,?????,??????,???????,??????,??????,?????,?????,??????,??????,??????,??????,??????,???????,?????,???,????",868313.0,757.0,12.29791,76.63925
monghyr,"manger,monghyr,munger,??????",203163.0,49.0,25.37459,86.47455
mukerian,"mukerian,mukeri?n",22751.0,264.0,31.95394,75.61716
morena,"morena,pech morena,mo lei na,morena,muraina,mwryna,??????,??????,??????,??????,??????,??????,??????,???",152004.0,181.0,26.49892,77.99534
mayiladuthurai,"mayavaram,mayaveram,mayuram,m?yavaram,m?yuram,m?y?ram,ma yi la du tu lai,mailadutturai,mayalanduthura'i,mayiladuthuraya,mayiladuturai,mayilatuturai,???????????????,???????????,???????????,???????????????,???????????,????????????,??????",86660.0,16.0,11.10354,79.655
matabhanga,"matabhanga,mathabhanga,m?t?bh?nga",22642.0,56.0,26.34197,89.21555
marhaura,marhaura,26138.0,59.0,25.97349,84.86796
maksi,"maksi,?????",20094.0,503.0,23.25999,76.14567
mahmudabad,"mahmudabad,mahmud?b?d,mahm?d?b?d",45921.0,129.0,27.29191,81.11775
mahgawan,mahgawan,16176.0,154.0,26.49471,78.61593
bishunpur urf maharajganj,"bishunpur urf maharajganj,bishunpur urf mah?r?jganj,maharajganj,mah?r?jganj",7499.0,87.0,26.25914,83.11643
mahaban,"mahaban,mah?ban",9514.0,179.0,27.43262,77.74338
lalam,"lalam,l?lam",8571.0,55.0,9.71667,76.7
lakhna,"dakhna,dakhn?,lakhna,lakhn?",11389.0,155.0,26.64822,79.1477
kyelang,"kejlong,kyeang,kyelang,kyelong,???????",14182.0,3038.0,32.5717,77.02448
kurara,"kurara,kur?ra",12730.0,133.0,25.98046,79.98984
kotma,kotma,31756.0,535.0,23.20383,81.97904
kotar,"kotar,kot?r",6953.0,303.0,24.69802,80.98073
kotagiri,"kotagiri,ke ta ji li,keattagiri,kotagiri,kottakiri,????????,????????,????????,?????????,?????????,????",28848.0,1902.0,11.42072,76.86035
konnagar,konnagar,76082.0,8.0,22.70508,88.34446
kondalwadi,kondalwadi,14770.0,361.0,18.80727,77.77031
kichha,kichha,34904.0,208.0,28.91154,79.52009
khedbrahma,khedbrahma,29402.0,209.0,24.0299,73.04632
khatra,"khatra,kh?tra",16484.0,148.0,22.97617,86.85462
kharagpur,"kharagpur,????????",27492.0,57.0,25.12446,86.55578
kayalpattinam,"aramaganori,coilnapatam,kayalpatnam,kayalpattinam,kayalpatuam,k?yalpatnam,k?yalpattinam",36175.0,4.0,8.57143,78.11992
kawant,"kavant,kawant,kaw?nt",8618.0,200.0,22.09282,74.05078
karimganj,"karimganj,kar?mganj,karimaganja,????????",55290.0,25.0,24.86919,92.35543
karaikal,"karaikal,karikal,k?rik?l,karaikal,k?raik?l",79653.0,8.0,10.91667,79.83333
kaikalur,"kaikalur,kaikal?r",20763.0,10.0,16.55154,81.214
junagarh,"junagarh,j?n?garh",16856.0,226.0,19.85993,82.93385
jevargi,"jalvergi,jevargi",20157.0,411.0,17.01394,76.77317
iluppur,"illuppur,iluppur,ilupp?r",12471.0,146.0,10.51347,78.62357
ilampillai,ilampillai,11308.0,275.0,11.60659,78.00676
hinganghat,"hinganghat,hingangh?t",97568.0,228.0,20.54875,78.83978
hayuliang,"hayuliang,hayutang",1834.0,559.0,28.07301,96.54305
harsud,"harsud,hars?d",16736.0,258.0,22.09947,76.73423
hailakandi,"hailakandi,hailikandi,hail?k?ndi,hylakandi,ha'ilakandi,???????????",31031.0,30.0,24.68394,92.56097
gurh,"goorha,gurh",13102.0,333.0,24.50265,81.50037
goshaingaon,"goshaingaon,gossaigaon",13933.0,51.0,26.43946,89.96307
gohpur,gohpur,9896.0,84.0,26.88184,93.6156
gobindpur,gobindpur,27066.0,198.0,22.63393,86.07162
ghanaur,ghanaur,6091.0,265.0,30.33092,76.61203
gariaband,"gariaband,gari?band",10416.0,348.0,20.63323,82.06221
gangaikondan,"gaingundaun,gangaikondan,gangaikond?n,gangalkondan",10779.0,47.0,8.85785,77.78019
erumaippatti,erumaippatti,9585.0,160.0,11.14671,78.28996
dindigul,"dhundgal,dindigul,dindukkal,dundigal,dindigul,dindigula,dindukkala,ding di gu er,dyndygwl,tindo~ukkaru,tindo~ukkaru xian,tintukkal,????????,?????????,????????,?????????,??????????,?????????,?????????,???????????,????????,????????,?????????,????,???",200797.0,285.0,10.36896,77.98036
dhanwar,"dhanwar,dhanw?r",8512.0,355.0,24.41074,85.98183
dhaka,"dhaka,dh?ka",36111.0,72.0,26.67479,85.16698
dandeli,dandeli,52295.0,474.0,15.26667,74.61667
coimbatore,"cjb,coimbatore,koimbator,koimbatore,koimbatur,kojambuttur,kojambuttúr,kovai,koyambattur,koyambatt?r,koyamuttur,koyamutt?r,ge yin bai tuo,keayampattu?,ko'ibatura,ko'imabatore,ko'imbatora,ko'imbatura,koimbatoleu,kovai,koyambattura,koyambatturu,koyambatura,koyampattur,koyamputtur,koyanbutto~uru,kwymbatwr,kwymbtwr,?????????,?????????,?????????,?????????,?????????,????????,?????????,????????,????????,????????,???????????,????????????,??????????,????????,?????????,??????????,????????????,?????????????,????,???????????,???????????,???????????,???????????????,???????????,??????????,????,?????",959823.0,425.0,11.00555,76.96612
chiria,chiria,3945.0,326.0,22.31093,85.27601
chipurupalle,chipurupalle,25898.0,106.0,18.31142,83.56846
chikmagalur,"chickmagalur,chikkamagaluru,chikkamagal?ru,chikmagalur,chikmagal?r,chikmanglur,chikmugalur,chikmugal?r,cikkamagaluru,???????????",121484.0,1042.0,13.32231,75.774
chhabra,chhabra,25676.0,336.0,24.66472,76.84379
channagiri,channagiri,20376.0,691.0,14.02399,75.92577
chandigarh,"candigarchas,candigarh,chandigar,chandigarh,chandigarkh,chand?garh,czandigarh,ixc,cadigarha,candhigad,candigadh,candigadha,candigara,candigarha,cantikar,chandigadh,chandigarhi,chandigaru,chang di jia er,?andigarchas,?andígarh,????????,?????????,?'???????,???????,????????,????????,????????,??????,????????,???????,???????,????????,??????????,????????,????",960787.0,351.0,30.73629,76.7884
champa,"champa,ch?mpa",41252.0,254.0,22.03532,82.64234
chakulia,"chakuha,chakulia,ch?kuha,ch?kuli?",14952.0,122.0,22.48301,86.71793
chakia,"chakia,ch?kia",17831.0,67.0,26.41598,85.04665
byadgi,"byadgi,by?dgi",27719.0,613.0,14.67325,75.4868
buriya,buriya,10641.0,286.0,30.15911,77.35814
buldana,buldana,66991.0,654.0,20.52933,76.18457
bilkha,"bhilka,bilkha",14421.0,97.0,21.4415,70.60063
bhuj,"bhj,bhooj,bhuj,bkhudzh,bhoja,bhuja,bwj,puj,?????,???,????,??,???,???,???,???,???,????",133459.0,106.0,23.25397,69.66928
bhongir,"bhongir,bhong?r",50094.0,442.0,17.51544,78.88563
bhayavadar,"bhaya nadar,bhayaradar,bhayavadar,bhayawadar,bh?y?radar,bh?y?vadar",19458.0,86.0,21.85523,70.24791
betul bazar,"betul,betul bazar,bet?l baz?r,bet?l b?z?r",9640.0,658.0,21.85572,77.92913
beswan,"beswan,besw?n",5897.0,182.0,27.63792,77.88019
barghat,"barghat,bargh?t",11219.0,538.0,22.03065,79.7328
bar bigha,bar bigha,41758.0,55.0,25.21855,85.7332
baraut,baraut,93544.0,233.0,29.10199,77.26334
banur,banur,17349.0,287.0,30.55407,76.71948
bajna,"bajna,b?jna",7673.0,191.0,27.89793,77.67836
babai,"babai,b?bai",16176.0,322.0,22.70256,77.93494
attur,"attur,atur-salem,attur,attura,?tt?r,??????,??????,???????",58702.0,219.0,11.59414,78.60143
arimalam,arimalam,8048.0,80.0,10.25498,78.88403
anandpur,"anandpur,anandpur sahib,anandpur s?hib",15229.0,309.0,31.23926,76.50253
amritsar,"atq,amricar,amritsar,amritsar - amritasara,amritsar - ?????????,amritsara,amritsaras,amritszar,amritszár,a mu li ze,amlichaleu,amritasara,amritcar,amrtasara,amrtasarah,amrtsr,amrytsar,amrytsr,amuritosaru,xm vt sar,yamrytsar,?mrytsr,????????,???????,????????,????????,???????,????????,?????????,??????,???????,????????,??????,???????,??????,?????????,??????,??????,??????????,?????????,??????,????????,????????,?????????,??????,????,????",1092450.0,244.0,31.62234,74.87534
amloh,amloh,13859.0,267.0,30.60837,76.23199
ambur,"ambur,a mu bu er,ambura,amburu,ambwr,ampur,?mb?r,?????,?????,??????,??????,???????,??????,????",109873.0,322.0,12.79163,78.71644
ambasamudram,"ambasamudram,ambassamudram,amb?samudram,a mu ba sa mu de la mu,ambasamudram,ambasamudrama,ambasamwdram,ampacamuttiram,????????????,????????????,????????????,???????????????,???????????,????????",32020.0,68.0,8.71068,77.4519
along,"along,ixv",18425.0,268.0,28.16951,94.8006
alanganallur,"alanganallur,alang?nall?r",11400.0,183.0,10.04697,78.09033
aland,"aland,alland",39064.0,499.0,17.56425,76.56854
akola,"akd,akola,akolá,a ke la,akola,akolla,akwla,?????,?????,?????,?????,?????,?????,?????,?????,?????,?????,?????,???,???",428857.0,285.0,20.70957,76.9981
abiramam,"abiramam,abir?mam",6837.0,45.0,9.4423,78.4399
ghatkesar,ghatkesar,19243.0,484.0,17.45081,78.68366
adampur,"aip,adampur,adamapura,??????,??????",17027.0,248.0,31.43224,75.71484
madipakkam,madipakkam,16396.0,6.0,12.96226,80.19864
nandambakkam,nandambakkam,8540.0,24.0,12.97795,80.06781
aroor,aroor,39214.0,9.0,9.8694,76.30498
longleng,longleng,24588.0,1265.0,26.48989,94.81772
chandel,chandel,24588.0,888.0,24.32987,94.00379
bishramganj,bishramganj,24588.0,39.0,23.60582,91.34355
harina pashdal bar,harina pashdal bar,1500.0,8.0,21.9021,87.7062
waraseoni,"waraseoni,w?r?seoni,w?r?seon?",23800.0,307.0,21.76184,80.04301
vaijapur,"vaijapur,vaij?pur",40043.0,534.0,19.92672,74.7275
umaria,"umaria,umari?",29740.0,463.0,23.52473,80.83716
udaipura,udaipura,15473.0,325.0,23.07434,78.51108
tisaiyanvilai,tisaiyanvilai,20395.0,23.0,8.33702,77.86776
tirupati,"tir,tirumala - tirupati,tirumalai,tirupati,di lu pa di,tirumala,tirupati,tirupatih,tiruppati,trwpty,tyrwpaty,tyrwpty,????????,????????,??????,????????,???????,???????,????????,???????,?????????,????????,???????,?????????,???????,??????,???????,????",250821.0,156.0,13.63551,79.41989
tirumullaivasal,"thirumalavasal,tirumullaivasal,tirumullaiv?sal",13234.0,11.0,11.23996,79.83705
tinsukia,tinsukia,89373.0,128.0,27.48905,95.35992
takhatpur,takhatpur,17859.0,269.0,22.12915,81.86959
sunel,sunel,15840.0,357.0,24.37065,75.95708
sirur,"ghodnadi,sirur,sir?r",31018.0,568.0,18.8276,74.37475
singanallur,"singanallur,sing?nall?r",31239.0,395.0,10.99898,77.03238
sidlaghatta,sidlaghatta,49114.0,901.0,13.38896,77.86444
sravana belgola,"shravan belgola,shravanabelagola,sravana belgola,sr?vana belgola",5079.0,878.0,12.85737,76.48886
shivrajpur,shivrajpur,6705.0,106.0,22.42319,73.60865
shamsabad,"shamsabad,shams?b?d",25266.0,158.0,27.5371,79.43796
shahpura,"shahpura,sh?hpura",12813.0,379.0,23.13663,79.66402
shahpur,shahpur,13066.0,418.0,23.89371,79.05074
sathyamangalam,"cattimankalam,sa di ya mang ge a la mu,sathyamangalama,satyamangalama,styamnglm,?????????,?????????,???????????,????????????,????????????,????????",34011.0,239.0,11.50526,77.23826
sarangarh,"sarangarh,s?rangarh",14615.0,235.0,21.58614,83.0785
sanwer,"sanwer,s?nwer",14215.0,512.0,22.97415,75.8271
sangod,sangod,19842.0,266.0,24.92707,76.28649
saiha,saiha,22654.0,1045.0,22.49183,92.98143
ray,ray,5949.0,431.0,23.6843,85.05457
rambha,rambha,11276.0,1.0,19.51667,85.1
raja sansi,"raja sansi,r?ja s?nsi",12957.0,233.0,31.72021,74.8008
rajapur,"rajapur,r?j?pur",10718.0,74.0,16.65679,73.51701
rabkavi,rabkavi,73835.0,547.0,16.47567,75.1106
puduvayal,"puduvayal,puduv?yal",9742.0,16.0,13.33015,80.14577
peddapuram,"peddapuram,peddapuram town,pedd?puram",45967.0,38.0,17.07701,82.13836
pathankot,"ixp,pathankot,path?nkot,patkhankot,rathankot,pa tan ke te,pathanakota,?????????,????? ???,???????,????????,????????,????",174306.0,337.0,32.27484,75.65287
papanasam,"papanasam,papan?sam,pavanasi,pa pa na sa mu,papanacam,????????,?????",16837.0,37.0,10.92687,79.27056
palia kalan,"palia,palia kalan,pali? kal?n",38547.0,162.0,28.43205,80.58137
nayagarh,"nayagarh,nay?garh",16001.0,138.0,20.12882,85.09626
naya bazar,"naya bazar,naya b?z?r",1035.0,927.0,27.13082,88.23972
nawanshahr,nawanshahr,14884.0,247.0,32.76505,74.52772
narauli,narauli,17945.0,195.0,28.48547,78.71484
nagrota,nagrota,6125.0,457.0,32.0571,76.09139
nagina,"nagina,nag?na",76593.0,250.0,29.44433,78.43646
mundwa,"mundwa,m?ndwa",17465.0,348.0,27.0631,73.82304
matheran,"matheran,m?ther?n",5287.0,740.0,18.98281,73.2652
mannarakkat,mannarakkat,50921.0,85.0,10.99223,76.46418
mancheral,"mancheral,mancherial,mancher?l,manciryala,?????????",77998.0,149.0,18.87074,79.42863
manamadurai,"manamadura,manamadurai,m?n?madurai,ma na ma du lai,manamadura'i,manamaduraya,manamaturai,????????,????????,?????????,?????",27493.0,72.0,9.67318,78.47096
maihar,maihar,37913.0,358.0,24.26594,80.76063
mahalingpur,"mahalingpur,mah?lingpur",32699.0,573.0,16.3888,75.10873
magadi,"magadi,m?gadi,??????",27213.0,879.0,12.95706,77.22374
lunavada,"lunavada,l?n?v?da",35431.0,104.0,23.12841,73.61043
luckeesarai,"lakhisarai,luckeesarai,luckesserai",89500.0,50.0,25.1765,86.0947
londa,"landa,londa",6131.0,682.0,15.46907,74.51906
lonar,"lonar,lon?r",21765.0,604.0,19.98533,76.52046
lodhikheda,"lodhikheda,lodhikhera,lodh?kheda,lodh?khed?,lodh?khera",9994.0,347.0,21.58235,78.85911
lathi,"lathi,lati,l?thi",22745.0,130.0,21.7231,71.38843
kushalnagar,fraserpet,14961.0,847.0,12.45795,75.95904
kulgam,"kulgam,kulg?m,klgam,klgham,kwlgam,kwlgham,kwljam,?????,??????,??????,?????,??????",16246.0,1742.0,33.64456,75.01923
kotla,kotla,5000.0,608.0,32.25,76.03333
koratla,koratla,60231.0,301.0,18.82154,78.71186
kohima,"kohima,koh?ma,kokhima,ke xi ma,keahima,kohima,kokima,??????,??????,??????,??????,??????,??????,??????,??????,??????,?????,??????,???,???,???",92113.0,1463.0,25.67467,94.11099
kodarma,"kodarma,kodarm?",19180.0,390.0,24.46753,85.59397
kithor,kithor,25262.0,226.0,28.86684,77.93861
khetri,"khetri,kai te li,kherti,khetari,khetri,??????,??????,??????,???",17177.0,398.0,28.00069,75.78644
khanapur,"khanapur,kh?n?pur",17216.0,674.0,15.63969,74.50847
khagaul,khagaul,51577.0,61.0,25.57898,85.04564
kavaratti,"atol kavaraci,kavaratis,kavaratti,ka wa la di,kabalati,kabarati,kabaratti,kabharetti,kavarati,kavaratti,kw ratti,kwaraty,???? ????????,?????????,?????????,???????,??????????,???????,??????????,??????????,??????,???????,???????,???????,???????,???????,????????,?????,????,????",10688.0,14.0,10.56688,72.64203
karari,"karari,kar?r?",14403.0,109.0,25.45241,81.42675
kanke,"kanke,k?nke",16712.0,643.0,23.43478,85.32059
kandla,"ixy,kandla,kundla,k?ndla,??????",25845.0,8.0,23.03333,70.21667
kampli,kampli,36641.0,404.0,15.40626,76.60013
kalugumalai,"kalugumalai,kalugumali",15423.0,117.0,9.14941,77.70569
kallidaikurichi,"kailidaikorichchi,kallidaikurichchi,kallidaikurichi",25513.0,72.0,8.68591,77.46592
kadur,"kadur,kad?r",32935.0,774.0,13.55285,76.01164
kadi,kadi,58066.0,66.0,23.29908,72.33362
jhabua,"dkhabua,jhabua,jh?bua,??????",34135.0,334.0,22.76772,74.59087
jahangirabad,jahangirabad,57363.0,206.0,28.40549,78.10588
jahanabad,"jahanabad,jah?n?b?d",13617.0,186.0,28.63025,79.71818
jaggayyapeta,jaggayyapeta,41180.0,56.0,16.8938,80.09807
jabalpur,"dzabalpur,dzabalpuras,dzhabalpur,dzsabalpur,d?abalpur,dabalpur,dabalpuras,gabalpur,jlr,jabalpur,jubbulpore,gu ba er pu er,jabalapura,jabalapuram,jabalpuleu,jabalpur,jabarupuru,japalpur,jbl pwr,jblbwr,?abalpur,????????,?????????,?????????,????????,??? ???,??????,??????,????????,??????,??????,????????,????????,????????,???????,?????????,??????,?????,????",1030168.0,416.0,23.16697,79.95006
indri,"indri,ramgarh,r?mgarh",15954.0,262.0,29.87999,77.05972
ichhawar,"ichhawar,ichh?war",13656.0,515.0,23.02816,77.01729
hoshiarpur,"hsx,hoshiarpur,hoshiarpur railroad station,hoshi?rpur,hoshi?rpur railroad station,hushiarpur",158142.0,311.0,31.53723,75.91269
harnai,"harnai,herni",7144.0,9.0,17.8134,73.09668
haflong,"haflang,haflong,h?flong",39982.0,684.0,25.16478,93.01744
gola gokarannath,"gola,gola gokarannath,gola gokarann?th",58986.0,164.0,28.07837,80.47054
gharghoda,gharghoda,8512.0,294.0,22.17427,83.3517
gevrai,gevrai,30406.0,465.0,19.26372,75.75007
gangtok,"gangtok,gangtoka,gangtokas,pyg,gagatoka,gan tuo ke,ganatoka,gangataka,gangatok,gangatoka,gangtokeu,gannteakk,gantoka,gantoku,gngtwk,gyantaka,kentak,???????,???????,??????,???????,??????,????????,??????,???????,???????,??????,??????,???????,????????,???????????,???????,????????,????,???,???",30700.0,1654.0,27.32574,88.61216
gandai,"gandai,gandai-pandaria",12475.0,327.0,21.66667,81.10013
fatehpur,"fatehpur,tahasila fatehapura,????? ????????",34010.0,128.0,27.17281,81.21061
fatehpur,"fatehpur,fatehpur city,fatekhpur,????????",166480.0,121.0,25.92774,80.81266
diguvametta,diguvametta,5166.0,309.0,15.39507,78.8293
dhaulpur,"dhaulpur,dholpur",102462.0,173.0,26.69286,77.87968
daudnagar,daudnagar,41236.0,97.0,25.03473,84.40095
cortalim,"cortalim,cortolim",7563.0,45.0,15.40247,73.90881
chitapur,"chitapur,ch?t?pur",30139.0,411.0,17.12357,77.0824
chikhli,chikhli,7480.0,29.0,20.75751,73.06268
chennimalai,chennimalai,16268.0,263.0,11.16378,77.60388
chas,"chas,ch?s,???",112141.0,217.0,23.63556,86.16712
chalisgaon,"chalisgaon,ch?lisgaon",96381.0,346.0,20.45781,75.01596
carapur,carapur,5575.0,37.0,15.56588,73.98713
buddh gaya,"bodh gaja,bodh gaya,bodh-gaja,bodhgaja,bodhgaya,buddh gaya,buddha gaya,bódhgaja,bod'dha gaya,bodh gaya,bodha gaya,bodhagaya,bodkh-gaja,bud'dha gaya,budagaya,buddagaya,bwdh gaya,phuthth kh ya,pu ti jia ye,puttakaya,????-???,???? ????,????? ???,??????,????? ????,??? ????,????????,???? ???,????????,???????,?????????,?????,????,????",35188.0,124.0,24.69808,84.9869
bishnah,"bishna,bishnah,bishn?h",11645.0,294.0,32.6106,74.85557
bilimora,"bilimor,bilimora,mora",510879.0,15.0,20.76957,72.96134
bidhuna,"bidhuna,bidh?na",27158.0,147.0,26.80172,79.50829
bharthana,bharthana,41055.0,152.0,26.75231,79.2218
basavakalyan,"basavakalyan,basavakaly?n,kalyani,kaly?ni",65805.0,631.0,17.87445,76.94972
barwani,"barwani,barw?ni",47343.0,182.0,22.03232,74.89982
barauli,barauli,37302.0,73.0,26.38109,84.58648
banswada,"banswada,b?nsw?da",22665.0,387.0,18.37725,77.88007
bamor kalan,"bamor,bamor kalan,b?mor,b?mor kal?n",27860.0,355.0,24.89298,78.15105
bamboo flat,bamboo flat,7410.0,48.0,11.7,92.71667
badarpur,badarpur,11028.0,62.0,24.86852,92.59606
aron,"aron,?ron",24274.0,524.0,24.38109,77.41739
anupshahr,"anupshahr,an?pshahr",25306.0,197.0,28.35748,78.26914
ankola,"ankola,an ke la,ankola,ankwla,??????,?????,??????,???????,??????,??????,???",14540.0,17.0,14.66049,74.3047
anand,"aimand,anand,anaud,qnb,?nand,?????",138009.0,44.0,22.55251,72.9552
ambattur,"ambattur,ambatt?r",341049.0,18.0,13.09818,80.16152
contai,contai,88702.0,12.0,21.77985,87.74892
sahapur,"sahapur,s?h?pur",7883.0,9.0,22.52444,88.16694
balarampur,balarampur,4967.0,9.0,22.33417,88.29778
nabagram,"nabagram,nabagr?m",34728.0,10.0,22.28806,88.50917
barbil,barbil,52586.0,457.0,22.10194,85.37752
gadag-betageri,gadag-betageri,172813.0,665.0,15.4167,75.6167
kareli,"kareli,karel?,??????",27808.0,365.0,22.91533,79.06378
kapurthala,"kapurtala,kapurthala,kapurthala town,kap?rthala",92667.0,229.0,31.38011,75.38105
kanor,"kanor,k?nor",13089.0,479.0,24.43437,74.26546
kangpokpi,"kangpokpi,k?ngpokpi",24588.0,1075.0,25.15273,93.97167
kandra,"kandra,k?ndra",6902.0,182.0,22.8517,86.05192
kamareddi,"kamareddi,kamareddipet,kamaredi,k?m?reddi",71042.0,523.0,18.32001,78.34177
kamalpur,"ixq,kamalpur",5508.0,40.0,24.19593,91.83438
kalna,"kalna,k?lna,?????",53964.0,19.0,23.21944,88.36295
kanina khas,"kalina khas,kal?na kh?s,kanina,kanina khas,kan?na kh?s",10815.0,255.0,28.33093,76.31099
kalamb,kalamb,27287.0,629.0,19.04437,73.95554
junagadh,"junagad,junagadh,junagarh,junaghur,j?n?gadh",184447.0,97.0,21.51966,70.45981
shadipur julana,"julana,julana shadipur,jul?na,jul?na sh?dipur,shadipur julana,sh?d?pur jul?na",14508.0,227.0,29.12368,76.40516
jayamkondacholapuram,"jayamkondacholapuram,jayankondacholpuram",32217.0,64.0,11.21266,79.36369
jamkhandi,jamkhandi,61690.0,563.0,16.50461,75.29146
jagdishpur,"jagdishpur,jagd?shpur",31029.0,132.0,26.74967,80.5451
jagalur,"jagalur,jagal?r",15787.0,678.0,14.51957,76.33915
islamnagar,"aryanagar,ary?nagar,islamnagar,isl?mnagar",29144.0,190.0,28.32896,78.72524
idukki,"idiaki,idikki,idukki",11248.0,610.0,9.85,76.96667
ichalkaranji,"icalkarandzi,ichalkaranji,aychalkaranjy,aychl krnjy,aychlkyrnjy,icalakaranaji,icalakaranji,icalkaranji,yi qie er ge lun ji,???????????,????????????,???? ?????,??????????,????????,?????????,?????????,??????????,??????",274383.0,561.0,16.69117,74.46054
hoshangabad,"hoshangabad,hoshang?b?d",109358.0,301.0,22.74747,77.72736
haveri,"haveri,h?veri",60155.0,576.0,14.79354,75.40448
haliyal,"haliyal,haliy?l",21625.0,554.0,15.32864,74.75638
gunnaur,gunnaur,20980.0,182.0,28.23995,78.43994
gorur,gorur,6192.0,878.0,12.82297,76.06463
goregaon,goregaon,6946.0,14.0,18.15483,73.29147
ghugus,"ghugus,gh?gus",31859.0,199.0,19.9381,79.11192
ghatanji,"ghatanji,gh?tanji",20785.0,282.0,20.14183,78.31333
gandhi nagar,"gandhi nagar,gandhinagao,g?ndh? nagar",9773.0,10.0,13.00639,80.25417
firozpur jhirka,"ferozepur,ferozepur-jhirka,ferozpur jhirka,firozpur jhirka,f?rozpur jhirka,f?rozpur jhirka",20195.0,217.0,27.78853,76.94496
fatehgarh churian,"chaurian fatehgarh,fatehgarh churian,fatehgarh ch?ri?n",18051.0,242.0,31.86431,74.95665
emmiganur,"emmiganur,emmiganuru,emmigan?r,emmigan?ru,yemmiganur",80933.0,378.0,15.77203,77.48345
dusi,"dusi,d?si",5257.0,88.0,12.77574,79.67892
dongargaon,dongargaon,12505.0,318.0,20.97172,80.85077
digha,"digha,digha,????",3667.0,8.0,21.62776,87.51965
dharmanagar,dharmanagar,32912.0,32.0,24.36667,92.16667
devadanappatti,"devadanapatti,devadanappatti,devad?nappatti",14190.0,294.0,10.14673,77.6439
colovale,"colovale,colvale",5723.0,25.0,15.63522,73.82426
chinna salem,"chinna salem,chinnasalem",20111.0,140.0,11.63422,78.87412
chikhli,chikhli,52841.0,601.0,20.35046,76.25774
chidambaram,"chidambaram,chitdambaram,cidambaram,cidambaram,cidambarama,citamparam,ji deng bo lei mu,?idambaram,??????????,?????????,?????????,?????????,???????,???????,?????",58650.0,16.0,11.39933,79.69144
chhata,"chhata,chh?ta",21260.0,195.0,27.72374,77.5081
charthawal,"charthawal,charth?wal,charth?w?l",19942.0,256.0,29.54687,77.59438
brahmapur,"berhampore,berhampur,berkhampur,brahmapur,brahmapuramu,brahmapuras,bramapur,ganjam,barampuram,brahmapura,brahmapuram,brhmapwr,bu la he ma pu er,?????????,????????,????????,????????? ?????,???????,?????????,?????????,??????????,?????????,???????,??????????,??????",324726.0,37.0,19.31151,84.7929
bijni,bijni,12990.0,54.0,26.49588,90.70298
bighapur khurd,"bighapur,bighapur khurd,bigh?pur,b?gh?pur khurd",6409.0,125.0,26.34734,80.65698
bidar,"bidar,b?dar,ixx,bi de er,bidara,bidaru,bydr,?????,?????,????,????,????,????,????,???",204071.0,667.0,17.90802,77.51524
bhikhi,"bhikhi,bh?khi",15961.0,227.0,30.05918,75.535
betul,"badnur,badnúr,betul,bet?l",91953.0,645.0,21.90056,77.90229
beohari,"beohari,beoh?ri",22107.0,388.0,24.02423,81.37831
barsana,"barsana,bars?na",9815.0,188.0,27.64802,77.3764
bara bazar,"bara bazar,barabazar,calcutta bara bazar",7985.0,15.0,22.56667,88.35
banmankhi,"banmankhi,banmanki",26806.0,49.0,25.88857,87.19421
banki,"banki,bankigarh,b?nki,b?nk?garh",16555.0,42.0,20.37912,85.52953
bakewar,bakewar,14217.0,151.0,26.66226,79.17625
bagula,"bagula,bagul?",20999.0,18.0,23.33664,88.64109
bagaha,bagaha,103855.0,94.0,27.09918,84.09003
awantipur,"awantipur,awantipura,awant?pur,awant?pura,wantipor,wantipur,wantip?r",6807.0,1601.0,33.91978,75.01515
asind,"asind,?sind",15389.0,478.0,25.7342,74.33278
asansol,"asanol,asansol,asanasola,asansoru,?sansol,???????,??????,???????,?????",504271.0,119.0,23.68333,86.98333
amanpur,"amanpur,am?npur",10362.0,171.0,27.71222,78.73788
alwa tirunagari,"alvar tirunagari,alwa tirunagari,alwar tirunagari,?lw?r tirunagari",8887.0,20.0,8.60635,77.93983
adur,adur,29652.0,43.0,9.15595,76.73192
abohar,"abohar,a bo he er,abohara,abwhar,apohar,??????,?????,?????,??????,?????,??????,????",130603.0,187.0,30.14453,74.19552
soyibug,soyibug,104000.0,1587.0,34.07677,74.7057
porur,"porur,bo lu er,porur,porura,?????,??????,???",33060.0,18.0,13.03565,80.15821
airoli,airoli,100000.0,5.0,19.15096,72.99625
kagaznagar,"kagaznagar,kagazn?g?r",24588.0,176.0,19.33159,79.46605
neemuch,"nimach,nei ai mu qi,nimac,nimaca,nimuca,nymwch,?????,????,?????,????,?????,????",24588.0,488.0,24.47639,74.86241
palavakkam,palavakkam,14369.0,8.0,12.9535,80.2572
hawai,hawai,24588.0,1289.0,27.88677,96.8017
sonari,sonari,24588.0,97.0,27.07344,95.02753
kantilo,kantilo,8861.0,55.0,20.36152,85.19212
kannauj,"kanaudzh,kanauj,kannaudzh,kannauj,kânnauj,ka nao jie,kanauja,kanauji,kannauja,kannoci,kannoja,qnwj,???????,????????,????,????,??????,??????,?????,??????,???????,???????,????,???,????",76714.0,144.0,27.05524,79.9188
kankipadu,"kankipad,kankipadu,kankip?du",14249.0,22.0,16.4353,80.76715
kangayam,kangayam,31364.0,310.0,11.00599,77.5609
kadipur,"kadipur,k?d?pur",7472.0,93.0,26.16779,82.37028
jind,"jind,j?nd",161260.0,233.0,29.31577,76.31502
jewar,jewar,29316.0,200.0,28.122,77.55734
jawala mukhi,"jawala mukhi,jawalanukhi,jaw?la mukhi,jwalamukhi",5281.0,520.0,31.87456,76.32013
jamalpur,"jamalpur,jam?lpur",100780.0,52.0,25.31258,86.48888
jalalabad,"jalalabad,jal?l?bad,jal?l?b?d",25302.0,258.0,29.61853,77.43908
honavar,"honavar,honawar,honore,hon?var,onore",18392.0,22.0,14.28088,74.44497
hata,"hata,h?ta,h?t?",12050.0,83.0,26.7412,83.74526
guledagudda,"guledagudda,guledgarh,guledgud,guledgudd",33851.0,540.0,16.05025,75.78997
govindgarh,govindgarh,10955.0,219.0,27.50423,76.99938
gopalpur,"gopalpur,gopalpur-on-sea,gop?lpur,gop?lpur-on-sea",7163.0,23.0,19.25861,84.90517
ghaziabad,"gaziabad,ghaziabad,ghazibad,gh?zi?b?d,????????",1199191.0,214.0,28.66535,77.43915
gadhinglaj,"gadhinglaj,gadahinglaja,gadhingalaja,gadhinlaja,garahinlaja,jia ding ge la jie,????? ???,?????????,???????,?????????,????????,?????",26449.0,647.0,16.22291,74.3501
fort gloster,fort gloster,18350.0,12.0,22.50444,88.18333
dhupgari,"dhupgari,dhupguri,dhupg?ri",41168.0,82.0,26.58904,89.00732
dhuburi,"dhubri,dhuburi,dubri,dhubari,?????",62525.0,34.0,26.01856,89.98564
daulatpur,daulatpur,4810.0,540.0,31.78871,75.99154
cochin,"british cochin,cok,cochim,cochin,cochín,fort cochin,kochi,kochin,koczin,kuchi bandar,malabar,ke zhi,keacci,kocci,kochi,koci,qwzy,?????,????,??????,????,??????,??????,???,??",604696.0,9.0,9.93988,76.26022
churachandpur,"churachandpur,chur?ch?ndpur",47774.0,944.0,24.33353,93.66999
changanacheri,"changanacheri,changanacherry,changan?cheri",51430.0,14.0,9.44203,76.53604
bongaigaon,bongaigaon,64902.0,63.0,26.47703,90.55815
bihar sharif,"behar,bihar,bihar sharif,bih?r,bih?r shar?f",244230.0,68.0,25.20084,85.52389
bhimunipatnam,"bheemunipatnam,bhimunipatnam,bh?munipatnam,bimlipatam",44843.0,21.0,17.89017,83.45203
bhalki,"bhalki,bh?lki",38583.0,583.0,18.04348,77.206
patamda,patamda,10655.0,390.0,24.3,85.41667
bangarapet,"bangarapet,bang?rapet,bowringpet",42789.0,826.0,12.99116,78.17804
bambolim,bambolim,5441.0,70.0,15.46361,73.8531
athagarh,"athagarh,athgarh,?thagarh",16665.0,52.0,20.51999,85.62965
ambajogai,"ambajogai,ambe,ambejogai,amb?jog?i,mominabad,momin?b?d",74114.0,633.0,18.73312,76.38616
amarpatan,"amarpatan,amarp?tan",16858.0,362.0,24.31371,80.97703
alangulam,"alangulam,atangulam,?langulam,?tangulam",28558.0,125.0,8.86404,77.49937
alangudi,"alangudi,?langudi",10617.0,81.0,10.3606,78.98492
ahmedabad,"amd,achmentampant,ahmadabad,ahmadabadas,ahmadabado,ahmadobod,ahmadábád,ahmad?b?d,ahmedabad,ahmedabad - amadavada,ahmedabad - ???????,akhmadabad,akhmadabad shaary,akhmedabad,amadavad,amdavada,amd?v?da,amedebatum,exmetabad,a mei da ba de,afumadabado,aham'madabad,ahamadabada,ahamedabada,ahimadabada,ahmadabad,ahmadabadi,ahmd abad,ahmdabad,ahmdabad - hyndystan,ai ha mai da ba de,ai ha mai de bao,akamatapat,amadabadeu,amadaraada,amadavada,xah mda bad,????????????,?????????,????????? ?????,?????????,?????????,????????,???? ????,???? ????,????????,???????? - ?????????,????????,???????,????????,???????,?????????,?????????,???????,????????,?????????,??????????,??????????,???????????,??????????,??????????????,??????????,????????,?????,??????,?????,?????",3719710.0,56.0,23.02579,72.58727
adra,"adra,?dra,????",22159.0,191.0,23.49668,86.68363
haripur,haripur,7327.0,17.0,22.93611,88.23194
gobindapur,gobindapur,11781.0,10.0,22.59306,88.09139
banbasa,"banbasa,???????",7138.0,229.0,28.99132,80.07608
aluva,"alubha,alura,aluva,alwa,????,?????,????,?????,????,?????,????,????",24108.0,13.0,10.10764,76.35158
baga,baga,2000.0,3.0,15.56517,73.75517
jaigaon,jaigaon,158664.0,196.0,26.84766,89.37558
bellampalli,"bellampalle,bellampalli,???????????",66660.0,206.0,19.05577,79.493
bahula,bahula,16264.0,102.0,23.65176,87.16475
"kalimpong, kruketi","kalimpong, kruketi",24588.0,1340.0,27.05623,88.46207
savarkundla,savarkundla,73695.0,145.0,21.33726,71.3035
resubelpara,resubelpara,24588.0,72.0,25.90404,90.60747
zunheboto,zunheboto,29499.0,1349.0,25.96667,94.51667
waris aliganj,"waris aliganj,waris ariganj,w?ris al?ganj,w?ris ar?ganj",35243.0,78.0,25.0172,85.64047
uttamapalaiyam,"uthamapalayam,uttamapalaiyam",22778.0,386.0,9.80701,77.32718
umarga,umarga,32181.0,580.0,17.83841,76.62331
tonk,"tonk,tonk city",151331.0,278.0,26.16638,75.78824
tiruvottiyur,"tiruvattiyur,tiruvattiy?r,tiruvottiyur,tiruvottiy?r",248059.0,9.0,13.15823,80.30181
tezu,"tei,teju,teju basha,teju b?sha,tezu",14927.0,202.0,27.91256,96.12882
suchindram,suchindram,12316.0,15.0,8.15442,77.46704
sidhpura,sidhpura,14815.0,169.0,27.63312,78.86918
siddhapur,"siddhapur,sidhpur",54313.0,140.0,23.91783,72.37212
sendhwa,"sendhawa,sendhwa",54530.0,410.0,21.68562,75.09622
satana,"satana,sat?na,sat?n?",34440.0,557.0,20.59483,74.20301
saraikela,"saraikela,seraikella",12663.0,181.0,22.69963,85.93126
sanquelim,sanquelim,11698.0,17.0,15.56422,74.00799
sandi,"sandi,s?ndi",25008.0,142.0,27.28867,79.9519
sanand,"sanand,s?nand",35033.0,45.0,22.99227,72.38177
sakti,"sakti,sakt?,shakti,?????",21561.0,245.0,22.02662,82.96091
saint thomas mount,"madras saint thomas mount,parangimalai,paranginealai,saint thomas mount,saint thomas's mount,saint thomass mount",43223.0,25.0,13.00334,80.19614
sahaspur,sahaspur,24452.0,224.0,29.12125,78.62273
rasra,"rasra,rasr?",31876.0,72.0,25.8576,83.85487
ramgarh,"ramgarh,r?mgarh",83833.0,339.0,23.6303,85.52156
ramganj mandi,"ramganj mandi,r?mganj mandi",35754.0,362.0,24.64648,75.94325
ram das,ram das,6190.0,238.0,31.96739,74.9087
kollam,"coilum,coulao,coulão,desinganadu,kolam,kolamo,kollam,kol·lam,kullamalai,kvilon,quilon,keallam,kollam,kollama,korramu,kui long,kwlam,kwlm,??????,?????,??????,?????,????,??????,???????,??????,???????,??????,????????,???????,??????,????,??,??",394163.0,13.0,8.88113,76.58469
punasa,punasa,350000.0,278.0,22.23507,76.39335
pudur,pudur,8281.0,59.0,9.29169,78.13848
paonta sahib,"paonta,paonta sahib,p?onta s?hib",21787.0,403.0,30.43666,77.62462
panara,"panara,pan?ra",4096.0,791.0,22.20568,78.55093
palle,"pale,palle",5427.0,12.0,15.46667,74.08333
orai,orai,158265.0,141.0,25.99023,79.45334
nurmahal,"nurmahal,n?rmahal",13154.0,245.0,31.09662,75.59386
niwari,"niwari,niw?ri",10330.0,225.0,28.87611,77.5382
nilokheri,"nilokeri,nilokhera,nilokheri,nilu kheri,n?lokheri,n?l? kheri",17360.0,256.0,29.83671,76.93191
narsimhapur,"narsimahpur,narsimhapur,narsinghpur",47511.0,357.0,22.94936,79.18357
namchi,namchi,1147.0,1427.0,27.16494,88.3638
marahra,marahra,18873.0,181.0,27.7368,78.56891
manpur,"manpur,m?npur",6636.0,577.0,22.43151,75.62107
mangalore,"ixe,kodial,kudla,maikala,mangalooru,mangalor,mangalore,mangaloro,mangalur,mangaluru,mangalúru,mangal?ru,manglapuram,tulu nadu,kodiyal,maingalura,mang kha l xr,mang-galloleu,mangalora,mangalore,mangalura,mangaluru,mangaroru,manghlwr,manglwr,mankalur,men ge luo er,mengalora,mnglwr,myangalora,????????,????????,?????????,???????,???????,??????,??????,????????,????????,???????,?????????,???????????,???????,??????????,????????,???????,????????,???????,???????,?????????,??????,????,????",417387.0,27.0,12.91723,74.85603
mallasamudram,mallasamudram,18820.0,220.0,11.49333,78.03119
majitha,"majitha,maj?tha",13900.0,241.0,31.75711,74.95891
madanapalle,"madanapalle,ma da na pa er lai,ma da na pa li,madanapalle,madanapalle mandala,madanapalli,matanappalli,mdnply,???????????,??????,????????,???????? ?????,??????????,????????????,??????????,????????,?????????????,?????,??????",108593.0,694.0,13.5503,78.50288
lormi,lormi,12857.0,317.0,22.27434,81.70181
kuppam,kuppam,19854.0,683.0,12.74931,78.34189
kunigal,kunigal,33273.0,778.0,13.02319,77.02518
kumbhraj,"kumbhraj,kumbhr?j",16391.0,414.0,24.37338,77.04841
kollegal,"collegal,kollegal,kollegalam,kolleg?l,kolleg?lam",56497.0,657.0,12.15449,77.11051
kolanukonda,kolanukonda,1947.0,24.0,16.45392,80.61046
khirkiyan,"khirkian,khirkiya,khirkiyan,khirkiy?n,khirki?n",18498.0,280.0,22.16732,76.86137
khem karan,khem karan,12637.0,213.0,31.14443,74.55938
kharkhauda,kharkhauda,13189.0,225.0,28.83644,77.74159
kelamangalam,"kelamangalam,kelamnagalam",11328.0,796.0,12.60307,77.85193
vijayapuri,vijayapuri,6651.0,303.0,11.2453,77.50066
varca,varca,5079.0,15.0,15.23237,73.94311
vada,"vada,v?da",15474.0,60.0,19.65347,73.14811
upleta,upleta,56354.0,43.0,21.74015,70.28256
udaipur,udaipur,30264.0,446.0,27.72297,75.47178
ooty,"ootacamund,ooty,udagamandalam,udagamandal?m,udakamandalam,udhagai,udhagamandalam,utakamand,udagamandalama,udakamandaramu,udhagamandalama,utakai,utakamantalam,?????????,????????,?????????,??????????,????,????????",98238.0,2242.0,11.4134,76.69521
topchanchi,"topchanchi,topch?nchi",5789.0,302.0,23.90381,86.19792
tekkali,"tekkali,tekkali,???????",24682.0,39.0,18.6057,84.23546
talegaon dabhade,"dabhade,talegaon dabhade,talegaon d?bh?de,talegaon-dabhada",47653.0,632.0,18.73502,73.67561
tadepallegudem,"tadepallegudem,tadepalligudem,t?depalleg?dem,t?depallig?dem",108167.0,21.0,16.81467,81.52717
surianwan,surianwan,19157.0,91.0,25.46387,82.41922
sohagi,"sohagi,soh?gi,soh?g?",9009.0,116.0,24.98181,81.69558
siuri,"siuri,suri,s?ri",64659.0,84.0,23.90806,87.52773
sisauli,sisauli,15837.0,243.0,29.41386,77.4689
shimla,"slv,shimla,simla,simlá,cimla,shimla,shimura,shymla,simala,simla,sinla,symlh,xi mu la,?imla,?imla,imla,?????,?????,?????,????,?????,?????,?????,?????,??????,?????,?????,??????,??????,??????,????,?????,???,????,???,??",173503.0,2073.0,31.10442,77.16662
sikandra rao,sikandra rao,42229.0,186.0,27.68859,78.37985
shamgarh,"shamgarh,sh?mgarh",23075.0,469.0,24.18817,75.63903
sham churasi,sham churasi,4403.0,262.0,31.50028,75.74917
shahpur,"shahpur,shakhpura,sh?hpur,???????",31422.0,418.0,16.69605,76.8422
shahabad,"shahabad,shahabad deccan,sh?h?b?d",52952.0,394.0,17.1307,76.94361
seondha,"seondha,seora",21326.0,167.0,26.15422,78.7812
salur,"salur,s?l?r,saluru,??????",50206.0,160.0,18.51716,83.20548
sainthia,"sainthia,sai en di ya,samithiya,sinthi'a,???????,?????????,???????,????",43221.0,60.0,23.94826,87.68045
ratlam,"hatlam,ratlam,ratl?m",236843.0,486.0,23.33033,75.04032
raniganj,"ranigandzhe,raniganj,r?n?ganj,??????????",131261.0,103.0,23.6164,87.13061
rajur,"rajur,r?jur",11934.0,221.0,20.11087,78.89311
rajakhera,"rajakhera,r?j?khera",30627.0,169.0,26.89802,78.171
piravam,"piravam,piravom",28254.0,5.0,9.86667,76.5
phulpur,"phulpur,ph?lpur",22886.0,102.0,25.54895,82.0895
pavugada,"pavagada,pavugada,p?vagada,p?vugada",32063.0,640.0,14.09953,77.28018
patiala,"pat'jala,patiala,pati?la,???????",329224.0,258.0,30.33625,76.3922
patancheru,"patancheroo,patancheru",46821.0,540.0,17.53334,78.2645
pariyapuram,"pariyapuram,pariy?puram",22766.0,15.0,11.01667,75.86667
pansemal,"pansemal,p?nsemal,p?nsem?l",11183.0,243.0,21.65981,74.69937
pali,"pali,pali-marwar,p?li,????",210103.0,219.0,25.77276,73.32335
palasbari,"mirza pahar,palasbari,pal?sb?ri",4713.0,52.0,26.12388,91.53974
palanpur,"palanpur,p?lanpur",123294.0,230.0,24.17128,72.43827
pakala,"pakal,pakala,p?k?la",24680.0,367.0,13.44903,79.11493
padrauna,padrauna,47181.0,94.0,26.90403,83.98087
pachmarhi,"pachmarhi,pachmarhi cantonment,pachmarhi cantt,pachmarh?,pa qi ma er xi qia en te te,pacamadhi,pacamarhi,pacamari,pacamari senanibasa,pacmar'hi,pancamadhi,??????,?????,???????? ?????????,?????,??????,????????,?????????",3228.0,1061.0,22.46791,78.43312
okha,"okha,okha port,port okha,???",21048.0,7.0,22.46756,69.07002
nimaparha,"nimapara,nimaparha,nimap?ra,nim?parha",18222.0,13.0,20.05756,86.00436
narayanpet,"narayanpet,n?r?yanpet",39041.0,443.0,16.74799,77.4954
nalgonda,"nalgonda,na er ge en da,nalaganada,nalagonda,nalgonda,nalgonda-nagaram,naljwnda,nalkonta,????????,????????,???????,?????????-?????,?????????,????????,??????,?????????,?????????,???????,?????",121826.0,235.0,17.05439,79.26707
muzaffarpur,"mzu,muzaffarpur,tirhoot",333200.0,60.0,26.12259,85.39055
moga,"moga,mogu,moga,moka,mwga,mwga  pnjab,????,????,????,????? ?????,????,????,????,????,????",130549.0,226.0,30.81383,75.16878
meerut,"meerut,meerut city,merath,meratkh,mirat,miratas,mirut,mirát,meluteu,meratha,merato,mi la te,mirarr,mirat,mirat nagaram,mirata,miruta,myrwt,??????,??????,?????,?????,?????,?????,?????,?????,?????,????,????,?????,????,????,????,?????,????? ????,???????,????,???,???",1223184.0,228.0,28.98002,77.70636
maur,maur,28295.0,220.0,30.08333,75.25
manglaur,"manglaur,manglaur town",46395.0,268.0,29.79094,77.87836
mandawar,mandawar,10979.0,312.0,27.86374,76.54999
malaut,malaut,76616.0,195.0,30.21121,74.4818
maholi,maholi,19343.0,151.0,27.66368,80.47371
maharajganj,"maharajganj,mah?r?jganj",6442.0,123.0,26.38126,81.27436
mahad,"mahad,mah?d,makhad,?????",26665.0,11.0,18.08333,73.41667
madhogarh,"madhagarh,madhogarh,m?dhogarh",5051.0,302.0,24.56401,80.91126
kunnamkulam,"kunamkulam,kunnamkulam,kun na mu ku lan,kunnamakulama,kunnamkulam,kunnankulam,kwnamkwlm,?????????,????????????,???????????,????????????,????????????,??????????,?????",63903.0,19.0,10.64667,76.06695
koradachcheri,"koradachcheri,koradacheri,korad?chcheri",6151.0,20.0,10.77019,79.49158
kilvelur,"kil valur,kilvelur,kilvelure,k?l v?lur",7629.0,13.0,10.76721,79.74186
khagaria,khagaria,49982.0,47.0,25.5022,86.46708
khada,khada,16350.0,96.0,27.18333,83.88333
kathor,"kathor,k?thor",15311.0,23.0,21.28854,72.9407
kargil,"kargil,ka er ji er,karagila,kargilanagaram,kargl,karkil,krghyl,??????,?????,??????,?????,?????,??????,????????????,??????,??????,????????,??????,????",13838.0,2686.0,34.55765,76.12622
kannavam,kannavam,8880.0,42.0,11.8445,75.66266
kanchipuram,"conjeeveram,conjevaram,conjeveram,kancheepuram,kanchi,kanchipuram,kancipuram,kanjippuram,ka??ipuram,k?nchi,k?nchipuram,gan ji bu lei mu,kanchipuramu,kanchy pwrm,kanchypwram,kancipuram,kancipurama,kanshybwrm,kantshybwram,??????????,???????????,?????????,????? ????,??????????,??????????,???????????,????????,?????",155029.0,85.0,12.83515,79.70006
kalpi,"kalpi,k?lpi,?????",44339.0,128.0,26.11667,79.73333
kalas,kalas,14858.0,560.0,18.17241,74.79045
kalaikunda,"kalaikunda,kala?kunda",3232.0,61.0,22.3393,87.22637
kadod,kadod,16747.0,42.0,21.21717,73.21972
jangipur,jangipur,82548.0,27.0,24.47001,88.07659
jandiala,"jandiala,jandiali,jandi?la",25631.0,245.0,31.1593,75.61755
jalgaon,jalgaon,5822.0,177.0,17.74026,73.19087
jaithari,"jaithari,jaith?ri",8386.0,394.0,23.20856,78.61487
hubli,"hbx,hubballi,hubli,hubli city,khubli-dkharvad,hubballi,?????-???????,?????????",840214.0,620.0,15.34776,75.13378
halvad,"halvad,halwad",26205.0,45.0,23.01516,71.18029
gursahaiganj,"gursahaiganj,gursah?iganj",40214.0,149.0,27.11518,79.73174
gudur,gudur,5647.0,440.0,17.49174,78.82302
gokavaram,"gokaram,gokavaram",16389.0,59.0,17.25823,81.84985
gohand,"gohand,goh?nd",7286.0,153.0,25.69871,79.54567
etikoppaka,"etikoppaka,etikopp?ka",12000.0,229.0,17.5,82.73333
ellore,"ellore,eluru,el?ru,west godavari,west god?vari",183387.0,20.0,16.71311,81.10437
dostpur,dostpur,12688.0,97.0,26.27486,82.47091
dibai,dibai,37873.0,199.0,28.20849,78.26173
diamond harbour,"diamond harbor,diamond harbour,dayamanda harabara,dayamanda harbara,di ya meng de ha er bo wu er,?????? ??????,??????? ??????,???????? ??????,???????? ??????,?????????",40095.0,9.0,22.19303,88.18466
dharmavaram,dharmavaram,114050.0,369.0,14.41435,77.72035
dharmadam,dharmadam,29943.0,15.0,11.77538,75.46459
devakottai,devakottai,41568.0,53.0,9.94704,78.8233
desur,"desur,des?r",5312.0,116.0,12.43727,79.48145
dausa,"daosa,dausa,da'usa,dao sa,dausa,?????,????,????,?????,????,??",73034.0,353.0,26.89,76.33584
daulatabad,"daulatabad,daulat?b?d,??????????",10000.0,597.0,19.93611,75.22148
dalsingh sarai,"dalsingh sarai,dalsingh-sari",21611.0,52.0,25.66795,85.83636
dabwali,dabwali,62113.0,198.0,29.94906,74.73832
chicholi,"chicholi,ch?choli",18864.0,291.0,21.46926,79.70151
challapalle,"challapalle,challapalli",16841.0,10.0,16.11756,80.93139
chalala,"chalala,chal?la",17081.0,139.0,21.41073,71.16621
canning,"canning,canning town,port canning",42132.0,7.0,22.31453,88.66248
biaora,biaora,41989.0,433.0,23.9205,76.91074
bhongaon,bhongaon,29911.0,163.0,27.25515,79.18118
bhogpur,"bhogpur,bhogpur sirwal",18008.0,244.0,31.55442,75.64271
bhind,bhind,174035.0,157.0,26.56671,78.78728
bhawanipatna,"bhawanipatna,bhaw?nipatna",64468.0,259.0,19.90717,83.16697
bhatpara,"bhatpara,bh?tp?ra",483129.0,14.0,22.86643,88.40113
belur,"belur,bel?r,?????",21551.0,976.0,13.16558,75.86519
bellary,"bep,ballari,ball?ri,belari,belaris,bellari,bellary,bell?ri,ballari,bei la li,bellari,blary,bllary,bylary,pellari,??????,???????,?????,??????,??????,???????,????????,????????,???????,????????,???????,???????,???",336681.0,456.0,15.14205,76.92398
bankura,"bankura,b?nkura,???????",133966.0,94.0,23.23241,87.0716
bandipura,"bandapur,bandipur,bandipura",31978.0,1607.0,34.41728,74.64308
baheri,baheri,63953.0,194.0,28.77416,79.4974
badarwas,"badarwas,badarw?s",11133.0,460.0,24.97516,77.5649
bachhrawan,"bachhrawan,bachhr?w?n",12809.0,120.0,26.4709,81.1158
athni,"athani,athni,a te ni,athani,athani taluka,athni,??????? ??????,????,???? ??????,?????,????,??????,????,???",42047.0,573.0,16.72613,75.06421
aruppukkottai,aruppukkottai,85369.0,100.0,9.5096,78.09588
arumuganeri,arumuganeri,25151.0,7.0,8.5688,78.09091
arrah,"ara,arrah,arrakh,shahabad,a la,ara,araraha,arrah,???,?????,???,????,????,???,?????,???,???,???????,??",223676.0,64.0,25.55629,84.66335
alnavar,"alnavar,aln?var",16926.0,576.0,15.42727,74.74111
alampur,alampur,10018.0,161.0,26.02514,78.79697
begampur,begampur,9831.0,8.0,22.7307,88.25764
dumjor,"domjur,dumjor",17972.0,10.0,22.61993,88.24566
chakapara,"chakapara,chakpara",27320.0,7.0,22.63222,88.34861
akkarampalle,akkarampalle,20325.0,167.0,13.65,79.42
chinnachowk,"chinna chowk,chinnachowk",64053.0,135.0,14.47516,78.8354
biswanath chariali,"bishnath,bishn?th,biswanath chariali",24588.0,86.0,26.72577,93.14659
abrama,abrama,21000.0,14.0,20.85865,72.90648
bhupalpally,bhupalpally,24588.0,244.0,18.21314,79.92729
vattalkundu,vattalkundu,22638.0,237.0,10.16069,77.75883
valsad,"bulsar,buls?r,valsad,vals?d,walsad,wals?d",72929.0,12.0,20.61013,72.93428
un,"un,?n",15007.0,253.0,29.58479,77.2554
uklana,"uklana,uklana mandi,ukl?na",11908.0,222.0,29.51124,75.87823
thiruthani,"tirutani,tiruttani",39899.0,85.0,13.17594,79.61637
tiruppur,"tiruppur,tirupp?r,tirupur,di lu pu,tiruppur,tiruppura,tiruppuru,tirupura,tyrwpwr,????????,???????,???????,???????,???????,???????,???????,?????????,??????????,??????????,?????????,???",397521.0,305.0,11.11541,77.35456
thiruvarur,"thiruvarur,thiruv?r?r,tirnvalur,tiruvalur,tiruvarur,tiruv?l?r,di lu wa lu er,thirubarura,tiruvarur,tiruvarura,tiruvaruru,tiruvu~aruru,?????????,?????????,????????,?????????,??????????,?????????,??????????,?????????,?????",58777.0,16.0,10.77269,79.6368
taleigao,taleigao,17148.0,2.0,15.46915,73.83285
sumbal,sumbal,11695.0,1585.0,34.23072,74.6472
srimushnam,"srimushnam,srimushnum,sr?mushnam",12364.0,33.0,11.40118,79.40384
soron,"soron,?????",28683.0,177.0,27.89055,78.74621
sira,"sira,s?ra",57928.0,654.0,13.74155,76.9043
sindhnur,"sindhnur,sindhn?r",68793.0,395.0,15.76983,76.75581
sillod,sillod,51042.0,616.0,20.30303,75.65284
shertallai,"shertalla,shertallai,shertally",45474.0,9.0,9.68581,76.33996
seoni,seoni,1630.0,668.0,31.24188,77.12362
sathankulam,"sattankulam,s?tt?nkulam",14084.0,25.0,8.44164,77.91349
samrala,"samrala,samr?la",18623.0,271.0,30.83601,76.19324
sagauli,"saganli,sagauli,saghauli,sagowlee,segowlee,segowlie,sugauli",34622.0,75.0,26.7639,84.74341
saugor,"sagar,saugor,s?gar,?????",247333.0,520.0,23.83877,78.73874
renigunta,"renigunta,lei ni gong ta,renigunta,renigunta mandala,renikunta,???? ????,???????? ?????,??????????,??????????,??????????,????????,????",25895.0,112.0,13.65143,79.51256
razam,"rajam,razam,r?j?m,r?z?m",27832.0,72.0,18.44909,83.65957
raxaul,"raksaul,rasaul,raxaul,raxaul bazar,la ke ao er ba zha er,raja'ula bajara,raksaula,raksula bajara,???????,??????,?????? ?????,??????,?????? ????,???????",47965.0,86.0,26.97982,84.85065
ranavav,"ranavav,ranawao,r?n?v?v,r?n?w?o",26011.0,29.0,21.68734,69.74485
ramjibanpur,"ramjibanpur,r?mj?banpur",18318.0,29.0,22.82815,87.60888
rajaldesar,"rajaldesar,r?jaldesar",24104.0,308.0,28.02849,74.47442
raisen,raisen,40977.0,448.0,23.33033,77.7811
raha,raha,4724.0,64.0,26.23333,92.51667
radaur,radaur,12328.0,270.0,30.02706,77.15177
puduppatti,puduppatti,7570.0,156.0,11.15217,78.21205
pilibangan,"pilibanga,pilibangan",36755.0,179.0,29.44964,74.10093
pihani,"pihani,pih?ni,pih?n?",30369.0,149.0,27.61987,80.20343
periyanayakkanpalaiyam,"periyanaikanpalayam,periyanayakkanpalaiyam,periyan?yakkanp?laiyam,periyanayakkanpalaiyam,????????????????????",24894.0,429.0,11.15255,76.95159
peraiyur,"paryur,peraiyur,peraiy?r",9244.0,173.0,9.73579,77.78955
patamundai,"patamudai,patamundai,pat?mundai",34400.0,7.0,20.57806,86.56063
parichhatgarh,parichhatgarh,18990.0,232.0,28.97841,77.93422
pachora,"pachora,p?chora",46823.0,262.0,20.66727,75.35305
nambutalai,nambutalai,7914.0,6.0,9.72766,79.00707
mushabani,"mosaboni,mosaboni mines,musabani,mushabani,mush?bani",32761.0,122.0,22.51135,86.45713
mungaoli,"mungaoli,mungaol?",20081.0,410.0,24.40837,78.09588
mubarakpur,"azamgarh,mubarakpur,mub?rakpur",53263.0,81.0,26.08866,83.29088
mirialguda,"mirialguda,miriyalguda,miri?lg?da,miryalguda",101234.0,134.0,16.8722,79.56247
mangawan,"mangawan,mangaw?n",12503.0,310.0,24.66754,81.54644
maner,"maner,maner sharif,manera,??????",27901.0,67.0,25.64602,84.87291
malkera,malkera,12591.0,186.0,23.78213,86.28767
madugula,"madugula,m?dugula",14741.0,97.0,17.91589,82.81578
machhlishahr,"machhlishahr,machhl?shahr",25247.0,98.0,25.68564,82.41106
lingsugur,"lingsugur,lingsug?r",29783.0,509.0,16.15876,76.52174
lanja,"lanja,l?nja",13121.0,139.0,16.86086,73.54993
kuchaiburi,"kuchaiburi,rairangpur",23072.0,268.0,22.26675,86.17385
kozhikode,"ccj,calecute,calicut,calicutium,city of spices,kal'kutta,kalicut,kalikuto,kojikode,kolikod,kozhikkot,kozhikod,kozhikode,kozikkot,kozikode,kozsikode,kozsíkóde,koikod?,kóikkót,kajahikode,kajhikada,kalikotu,kalykwt,karikatto,ke ze ke de,kealikkeat,kealikkeat jilla,kho chi khod,kojhikora,kojikodeu,kolikkot,kolikkota,kolikkotu,kolikod,kolikoda,kolikora,qwzyqwd,?????????,???????,????????,????????,???????,???????,???????,??????,???????,????????,?????????,???????,??????????,????????,?????,????????,??????????,????????,??????????,????????,??????????,?????????? ?????,???????????,???????,?????,????,????",439922.0,9.0,11.24802,75.7804
korampallam,korampallam,3228.0,9.0,8.77506,78.09158
khanpur,"khanpur,kh?npur",14688.0,211.0,28.53446,78.06546
keshorai patan,keshorai patan,23464.0,254.0,25.29275,75.93948
kasrawad,"kasrawad,kasr?wad",21484.0,182.0,22.12745,75.61101
yelbarga,yelbarga,12023.0,604.0,15.61545,76.01184
yelahanka,"yelahanka,yalahanka,ye la han ka,yelahanka,???????,?????,???????????,?????,????",116447.0,903.0,13.10073,77.59632
varangaon,varangaon,44067.0,223.0,21.01767,75.91042
usilampatti,usilampatti,30675.0,217.0,9.96936,77.78621
una,una,17569.0,395.0,31.46493,76.26914
ujjain,"uddzhajn,uddzsain,uddzsaín,udzajin,udzdzain,uddain,ujjain,ajyn,awjayn,awjayyn,awjyn,ujain,ujaina,ujaini,ujjain,ujjaina,ujjayini,ujjeyan,wu du yan na,???????,??????,????,???????,??????,?????,?????,??????,?????????,??????,?????,??????,????????,???????,????????,???????,??????,??????,????,???",457346.0,494.0,23.18239,75.77643
bara uchana,"bara uchana,bara uch?na,uchana,uch?na",15830.0,229.0,29.46747,76.17798
tufanganj,"tufanganj,tuf?nganj",20420.0,41.0,26.31688,89.66549
titlagarh,"titilagarh,titlagar,titlagarh,titl?garh",28405.0,217.0,20.28961,83.15233
tinnanur,"thiruninravur,tinnanur,tinnan?r",22125.0,36.0,13.11448,80.02713
tattayyangarpettai,tattayyangarpettai,12604.0,145.0,11.12417,78.44916
tanda,"tanda,t?nd?",88073.0,95.0,26.54953,82.65841
talen,talen,9818.0,436.0,23.56949,76.72821
surajgarh,"surajgarh,s?rajgarh",19721.0,298.0,28.31005,75.73271
sini,sini,6375.0,193.0,22.79325,85.94543
shahpur,shahpur,9394.0,736.0,23.02446,81.0038
shahabad,"hardoi,shahabad,sh?h?b?d",73606.0,149.0,27.6431,79.9402
sarka ghat,sarka ghat,3944.0,958.0,31.69887,76.73529
sarila,"sarila,sar?la",8012.0,148.0,25.77579,79.67535
sarai akil,sarai akil,17443.0,107.0,25.3789,81.51035
sankheda,sankheda,12077.0,68.0,22.17021,73.5782
saligao,saligao,5804.0,6.0,15.55359,73.79036
sadashivpet,"sadaseopet,sadashivpet,sadasivpet,sad?seopet",37245.0,550.0,17.61925,77.95263
rehli,"rehli,rehl?",27705.0,406.0,23.63722,79.06275
ramapuram,"ramapuram,ram?puram,r?m?puram",5961.0,462.0,15.28749,77.86722
ramapuram,ramapuram,31169.0,283.0,13.10091,79.1841
rajkot,"raj,radzhkot,radzkot,radzkotas,rad?kot,radkotas,rajkot,r?jkot,rajikotto,???????,??????",1177362.0,140.0,22.29161,70.79322
raipur,"raipur,r?ipur",27702.0,680.0,30.31097,78.08979
pune,"pnq,pona,poona,poune,pun,puna,pune,puneo,puno,puné,púna,bwnh,poona,pu na,puna,pune,pune sahara,punyapattanam,pwna,pwnh,pwny,pwn?,?????,????,????,????,?????,????,????,????,????,????,????,????,???? ???,????????????,????,????,????,????,????,????,????,????,????,???,??,??",2935744.0,554.0,18.51957,73.85535
pudur,pudur,11432.0,234.0,12.99801,79.14352
port blair,"ixz,port blair,port bler,port bleras,port-blehr,port-bler,portus blairensis,bu lai er gang,porata bale'ara,port bler,port piler,porta blera,porta bleyara,portableyara,poteubeulleeo,potoburea,pwrt blr,pwrt blyyr,???? ????,????-????,????-????,???? ?????,???? ???,???? ?????,????? ??????,????? ?????,???????????,????? ????????,???? ?????,????? ?????,????? ??????,?????? ??????,?????? ??????,??????? ??????,??????????,????-?????,??????,????,?????",112050.0,36.0,11.66613,92.74635
patharia,patharia,18358.0,377.0,23.89921,79.19393
parvatsar,"parbatsar,parvatsar",15405.0,434.0,26.88604,74.76602
ponmana,"panmana,ponmana",29139.0,5.0,9.00798,76.52023
panihati,"panihati,p?nih?ti",378705.0,11.0,22.69089,88.37404
nimbahera,"nimbahera,n?mb?hera",58085.0,447.0,24.62166,74.67999
narayangarh,"narayangarh,n?r?yangarh",10233.0,445.0,24.27083,75.05007
naraini,naraini,15077.0,145.0,25.19033,80.475
nandyal,"nandial,nandyal,nandyala,nandy?l,nandy?la,nandyala,???????",165337.0,213.0,15.47799,78.4836
naksalbari,"nakalbari,nakalb?ri,naksalbari,naksalb?ri,naxalbari",57283.0,165.0,26.6827,88.22001
nagram,"nagram,nagr?m",9858.0,127.0,26.61872,81.14043
nagari,nagari,25933.0,116.0,13.32139,79.58557
nadiad,"hadiad,nadiad,nadi?d,naidad",202067.0,41.0,22.69385,72.86157
murgud,"murgud,murg?d",9395.0,569.0,16.39604,74.19142
mugma,mugma,3195.0,145.0,23.77015,86.72746
mudhol,"mudhol,mu duo er,mudahala,mudhol,mudhola,mudoru,??????,?????,?????,?????,??????,?????,????,???",47427.0,547.0,16.33354,75.28305
milak,"milak,?????",28505.0,184.0,28.61031,79.16997
mettupalayam,"mettupalaiyam,mettupalayam-coimbatore,mettuppalaiyam,mettupp?laiyam,mettup?laiyam,mettupalayam koyambatturu,mettupalayama,mettuppalaiyam,???????????,???????????????,??????????? ???????????",66944.0,331.0,11.29971,76.93485
mangalagiri,"mangalagiri,mang ge a la ji li,mangalagiri,mankalakiri,????????,??????????,?????????,????????,??????",59391.0,34.0,16.43083,80.56815
manavalakurichi,"manavalakurichi,manav?lakurichi",10720.0,22.0,8.14776,77.30552
mainpuri,mainpuri,94619.0,163.0,27.22857,79.02882
maham,maham,19383.0,226.0,28.96912,76.29495
ludhiana,"luh,ludhiana,ludhijana,ludhi?na,ludkhijana,ludhi'ana,ludhiyana,lutiyana,rudiana,rudiyana,????????,????????,???????,????????,??????,???????",1545368.0,256.0,30.91204,75.85379
losal,losal,27964.0,418.0,27.4,74.91667
lalitpur,"lalitpur,lalipura,lalitapura,lalitapuram,lalitpur,lallispuleu,????????,??? ???? ?????,???????,?????????,???????,???????,???????,???????,?????????,????",126475.0,360.0,24.69007,78.41915
kutiyana,"kuntiyana,kuntiy?na,kurtiyana,kutiyana,kutiy?na",16877.0,21.0,21.6241,69.98494
kurandvad,kurandvad,21388.0,546.0,16.68317,74.58892
kovur,"kovur,kov?r",35600.0,23.0,14.5005,79.98518
koratagere,koratagere,14445.0,763.0,13.522,77.2373
kishni,kishni,9852.0,157.0,27.02487,79.262
kheda,"kaira,kheda,????",24767.0,38.0,22.75218,72.68533
khed,khed,7370.0,756.0,18.33811,73.84677
kenda,kenda,15131.0,242.0,23.1959,86.51499
kayankulam,"kayamkulam,kayangulam,kayankulam,k?yankulam",64183.0,12.0,9.18173,76.50093
katol,"katol,k?tol",41893.0,413.0,21.27388,78.5858
karad,"karad,kar?d",55663.0,579.0,17.28937,74.18183
kanth,"kanth,k?nth,mannagar,m?nnagar",24883.0,219.0,29.05939,78.62951
kannangad,"kanhangad,kannangad,k?nnang?d",68450.0,19.0,12.30814,75.10632
kamalapuram,"kamalapuram,k?mal?puram",14677.0,141.0,14.5983,78.66948
kalinagar,"kalinagar,k?l?nagar",10728.0,191.0,28.62019,80.08152
kalikapur,"kalikapur,k?lik?pur",4061.0,170.0,22.61662,86.2881
kailaras,"kailaras,kail?ras",24539.0,193.0,26.30498,77.616
kabrai,"kabrai,kabral,kabr?i",24771.0,166.0,25.40281,79.9997
jogighopa,"jogighopa,jog?ghopa",2415.0,40.0,26.22646,90.57247
jhinjhana,"jhinjhana,jhinjh?na",19711.0,255.0,29.52118,77.2247
jasrasar,jasrasar,8000.0,318.0,27.70701,73.81276
jasrana,"jasrana,jasr?na",9883.0,168.0,27.23587,78.65244
jamshedpur,"cemsidpur,cem?idpur,dzamshedpur,dzhamshedpur,dzsamsedpur,gamsedpur,ixw,jamshedpur,jarnshedpur,tatanagar,chamseth pu ra,gu mu xie de bu er,jamasedapura,jamcetpur,jamsedapura,jamsyedeupuleu,jamushedopuru,jia mu xie de bu er,jmshdpwr,jmshyd pwr,jmshydbwr,jmshydpwr,?am?edpur,?????????,??????????,???????,????? ???,????????,????????,????????,????????,?????????,????????,?????????,????????,?????????,???????????,???????????,???????????,??????????,??????????,????????,?????????,??????,??????,?????",616338.0,171.0,22.80278,86.18545
jalalpore,"jalalpore,jalalpur,jal?lpur,surat",17325.0,14.0,20.94896,72.89829
jalalabad,"jalalabad,jal?l?b?d",29824.0,189.0,30.60622,74.25727
haraiya,haraiya,9000.0,94.0,26.79477,82.46436
gidam,"gidam,gidum,g?dam",6228.0,396.0,18.97431,81.39894
garhdiwala,"gardhiwala,gardh?w?la,garhdiwala,garhdiw?la,garhd?w?la",6693.0,290.0,31.74147,75.75567
gangapur,"gangapur,gang?pur",24118.0,483.0,19.69718,75.01045
faridpur,"bharatpur,faridpur,far?dpur",71783.0,170.0,28.20997,79.54149
falakata,"falakata,f?l?k?ta",20119.0,66.0,26.51963,89.20423
dudhi,"dudhi,d?dhi",12742.0,250.0,24.21357,83.24067
dhuwaran,"dhuvaran,dhuwaran",11473.0,23.0,22.23779,72.7591
dhamnod,"dhamnod,dh?mnod",29681.0,177.0,22.20928,75.47057
denkanikota,denkanikota,19358.0,886.0,12.5301,77.78887
curti,curti,13662.0,51.0,15.41667,74.01667
chhota udepur,"chhota udepur,chota udaipur",24517.0,150.0,22.30401,74.0158
chapra,"chapra,chhapra,chkhapra,chupra,ch?pra,capara,capra,chapara,chapra,qia pu la,?????,??????,?????,?????,????,?????,?????,???",201597.0,61.0,25.78031,84.74709
bissau,"bisau,bissau,biss?u,?????",22620.0,299.0,28.24737,75.07666
bikramganj,bikramganj,42626.0,93.0,25.21073,84.25508
bhiwandi,"bhivandi,bhivándi,bhiwandi,bhiwndi,bivandi,bkhivandi,bhi'oyadi,bhivandi,bhiwandi,biwandi,bywandy,pi wen di,???????,????????,???????,????????,???????,???????,??????,???????,????????,??????,????????,??????,???,???",707035.0,9.0,19.30023,73.05881
bhadrachalam,"bhadrachalam,bhadrachellam road,bhadr?chalam",45656.0,61.0,17.66846,80.88887
bhadasar,"adarsh bas,bhadasar,bh?d?sar,?darsh b?s",33006.0,244.0,28.31457,74.28952
beypore,"beipur,beppur,beypore,beypur,bei yi bo lei,bepura,beyapare,peppur,?????,????????,????????,???????,????",70751.0,15.0,11.17151,75.80611
belaguntha,belaguntha,10360.0,78.0,19.88249,84.63801
begamganj,begamganj,33467.0,513.0,23.59917,78.34064
banapur,"banapur,banpur,b?napur,b?npur",17499.0,23.0,19.77889,85.17033
bag,"bag,bagh,b?g,b?gh",7764.0,238.0,22.35905,74.79052
baduria,"baduria,badurii,bad?ria,???????",49547.0,9.0,22.74431,88.78655
arvi,"arvi,?rvi",41837.0,307.0,20.99585,78.22914
angul,"angul,anugul,ungul,a nu gu er,angul,angula,angwl,anugola,anugula,anukol,anwgl,?????,?????,?????,?????,??????,??????,??????,??????,???????,??????,??????,????",44386.0,126.0,20.84089,85.10192
angamali,"angamali,angamally,angam?li",34399.0,28.0,10.19055,76.38789
ambahta,ambahta,14303.0,269.0,29.85706,77.33583
amalapuram,"amalapuram,amal?puram",52690.0,11.0,16.57868,82.00609
abu,"abu,mount abu,?bu,???",24981.0,1181.0,24.59365,72.71756
sankarpur,sankarpur,6244.0,14.0,22.84839,88.45126
monoharpur,monoharpur,23362.0,9.0,22.10833,88.07889
manappakkam,manappakkam,8851.0,9.0,13.01083,80.16861
chowari,chowari,3000.0,1025.0,32.4319,76.012
palackattumala,palackattumala,1200.0,90.0,9.74356,76.6294
williamnagar,williamnagar,24588.0,279.0,25.4955,90.6168
dasarahalli,dasarahalli,24588.0,877.0,13.09904,77.83204
namsai,namsai,24588.0,149.0,27.66904,95.86395
yellandu,"yellandlapad,yellandlap?d,yellandrapad,yellandu",43787.0,213.0,17.59064,80.32146
wer,wer,18268.0,222.0,27.0186,77.17636
vite,"vita,vite,????",45973.0,689.0,17.27343,74.53792
vasudevanallur,"vasudevanallur,v?sudevanall?r",19021.0,181.0,9.24171,77.41177
vasa,vasa,15934.0,33.0,22.66079,72.75519
udangudi,"udangudi,udankudi",19008.0,12.0,8.42918,78.02968
titron,titron,11569.0,259.0,29.66824,77.32391
thakurganj,"thakurganj,th?kurganj",15953.0,80.0,26.42742,88.13112
tandur,"tandur,t?nd?r",63239.0,452.0,17.24849,77.57698
taki,"taki,takoj,t?ki,?????",40113.0,10.0,22.58867,88.93253
surat,"stv,surat,suratas,surate,s?rat,su la te,surata,surato,?????,????,?????,????,????,???",2894504.0,20.0,21.19594,72.83023
sundargarh,"sundargarh,sundergarh",41705.0,239.0,22.11667,84.03333
someshwar,"somaishwar,someshwar",22137.0,134.0,13.49112,75.06646
sirmaur,sirmaur,11812.0,313.0,24.83648,81.36448
sidhi,"sidhi,sidi,sidkhi,?????",54242.0,285.0,24.4038,81.87954
shrigonda,"shrigonda,shr?gonda",28208.0,558.0,18.61527,74.69895
seoni,"seoni,seon?",101379.0,628.0,22.08503,79.55037
seohara,"seohara,seoh?ra,seoh?r?",46546.0,232.0,29.20904,78.58837
satrikh,satrikh,11023.0,119.0,26.86045,81.19567
sarwar,"sarvar,sarv?r,sarwar,sarw?r",17860.0,363.0,26.06272,75.01104
sarahan,"sarahan,sar?han",1495.0,2161.0,31.50988,77.79395
sandila,"sandila,sand?la",53182.0,139.0,27.06989,80.51497
salon,salon,14312.0,119.0,26.02857,81.45403
sailana,"sailana,sail?na",10810.0,547.0,23.46219,74.92318
ratangarh,ratangarh,7494.0,441.0,24.81667,75.11667
ramnagar,"ramnagar,r?mnagar",13490.0,119.0,27.08499,81.40575
rajapalaiyam,"rajapalaiyam,rajapalayam,r?jap?laiyam",124168.0,165.0,9.45296,77.55335
phaltan,"phaltan,pa er tan,phalatana,??????,????,??????,????,????,???",53202.0,560.0,17.99113,74.43177
perundurai,"perundurai,perundural",17488.0,282.0,11.27564,77.58794
patan,"patan,p?tan",14122.0,378.0,23.28636,79.68962
parbhani,"parbaini,parbani,parbhani,parbkhani,pa er ba ni,parabhani,parbhani,prbany,???????,????????,??????,??????,?????,???????,????????,????",289629.0,421.0,19.26855,76.77081
panhala,"panhala,panh?la",3634.0,947.0,16.8121,74.11007
oran,oran,6495.0,133.0,25.36882,80.7423
olpad,"olpad,olp?d",14091.0,10.0,21.33649,72.75161
nokha,"noka,nokha,nokha mani,nokhamandi",55911.0,320.0,27.56155,73.47141
nohar,"nohar,nohor tehsils",46360.0,193.0,29.18292,74.77064
nellore,"nellore,nellur,nelluru,nelor,nei luo er,nellare,nellaura,nellora,nellur,nelluru,nelluru-nagaram,neruru,nlwr,nylwr,nylwry,sinhapuri,???????,?????,????,?????,??????,?????,????????-?????,???????,???????,???????,???????,????????,????????,????????,????,???",404158.0,21.0,14.44992,79.98697
naravarikuppam,"naravanikuppam,naravarikuppam,narav?nikuppam,n?rav?rikuppam",18555.0,18.0,13.19133,80.18473
naraina,naraina,17048.0,381.0,26.79069,75.20608
nahorkatiya,"naharkativa,naharkatiya,nahorkatiya",15548.0,120.0,27.28912,95.3418
murwara,"katni,murwara,murw?ra",195856.0,384.0,23.83776,80.39405
mundgod,mundgod,17000.0,579.0,14.97144,75.03658
mulgund,mulgund,18928.0,687.0,15.2807,75.52132
muktsar,muktsar,89833.0,200.0,30.47426,74.5166
mughal sarai,"moghal sarai,moghulserdai,mughal sarai,mughal sar?i",98043.0,85.0,25.28307,83.11968
morjim,"mordzhim,???????",1365.0,4.0,15.63097,73.73903
mettuppalaiyam,"mettupalayam,mettuppalaiyam,mettupp?laiyam",9587.0,160.0,11.16806,78.44944
memari,"memari,mem?ri",44448.0,25.0,23.17647,88.09749
meghraj,"meghraj,meghr?j",10498.0,168.0,23.49805,73.51352
medinipur,"medinipur,medin?pur,midnapor,midnapore,midnapur,????????",153349.0,47.0,22.42114,87.32257
mavoor,mavoor,28313.0,34.0,11.26667,75.91667
mormugao,"goa,marmagao,marmagoa,marmugao,mermugao,mormugao,porio,????????",102345.0,28.0,15.38914,73.81491
madikeri,"madikeri,mercara,merc?ra,merkara",33540.0,1141.0,12.42602,75.7382
loharu,"loharu,loh?ru",12410.0,275.0,28.42993,75.80779
lalganj,"lalganj,l?lganj",31879.0,59.0,25.86894,85.17394
laksar,laksar,19270.0,240.0,29.7587,78.04148
kuttalam,"courtalam,courtallam,kurralam,kuttalam,kutt?lam",2440.0,217.0,8.9303,77.26951
kumsi,kumsi,6468.0,667.0,14.05455,75.39992
krishnanagar,"krishnagar,krishnagar city,krishnagiri,krishnanagar,krishnigar,ke li si he na na jia er,kirusnanakar,krsnanagara,???????????,???????????,????????,?????????,????????,????????????,????????",145926.0,16.0,23.40576,88.49073
kottagudem,"kothagudem,kottagudem,kottag?dem",79247.0,115.0,17.55106,80.61779
kodar,kodar,59170.0,113.0,16.9985,79.9656
khujner,khujner,9950.0,442.0,23.78597,76.61773
khatima,"khatima,khat?ma",15714.0,213.0,28.92134,79.97075
khambhat,"cambay,kambay,khambayat,khambhat,khambh?t,khamb?yat",81328.0,22.0,22.31744,72.61916
khallikot,"kallikota,khallikot,khallikote,kullikota",11698.0,56.0,19.60908,85.08609
kati,kati,12022.0,515.0,17.96137,75.88895
karwar,"karvar,karwar,kawar,kárvár,k?rw?r,ka er wa er,kara'oyara,kararaara,karavara,karavaram,karvar,karwar,krwar,??????,??????,?????,??????,????????,????????,??????,??????,????????,????????,??????,????",64457.0,9.0,14.81361,74.12972
kalyani,"kalyani,ka li ya ni,kalyani,???????,???????,????",93184.0,14.0,22.98333,88.48333
kaladhungi,"kaladhungi,k?l?dh?ngi",6763.0,408.0,29.28351,79.351
jodhpur,"codpur,dzhodkhpur,dzodhpur,dzodhpura,dzodhpuras,dzodpur,dzsodhpur,dzsódhpur,d?odhpur,dodhpura,dodhpuras,dódpur,godhpur,jdh,jodhpur,jodhpur city,tzontchpour,cotpur,gwdpwr,jiao te bu er,jodeupuleu,jodhapura,jodhapuram,jodopuru,jwdapwr,jwdbwr,jwdpwr,jwd?pwr,yodapura,yodhapura,?odhpur,??????????,??????,????????,??????,???????,??????,??????,???? ???,???????,??????,????????,??????,??????,??????,??????,??????,??????,????????,???????,?????,??????,????,????",921476.0,237.0,26.26841,73.00594
jhajjar,"dzhadzhar,jhajjar,gu jie gu er,jahjar,jhajjara,???????,??????,?????,?????,????",44122.0,224.0,28.6063,76.6565
janjgir,"janjgir,j?njg?r",32833.0,278.0,22.00922,82.5778
jalaun,"jalaun,j?laun",55299.0,151.0,26.1451,79.3366
jalalpur,"jalalpur,jal?lpur",31388.0,90.0,26.31162,82.73859
jahanabad,jahanabad,96387.0,71.0,25.21368,84.9871
hosdurga,"hosadurga,hosdurga",24685.0,729.0,13.79631,76.28408
hiranagar,"hiranagar,hir?nagar,h?r?nagar",9446.0,321.0,32.45493,75.27187
heggadadevankote,"heggadadevankote,heggaddevankote",13733.0,702.0,12.08809,76.32957
harur,"harur,har?r",20405.0,350.0,12.05267,78.48023
haldibari,"haldibabi,haldibari,hald?b?ri",14099.0,76.0,26.33887,88.7822
gubbi,gubbi,17983.0,786.0,13.31216,76.94102
govindgarh,govindgarh,10193.0,334.0,24.37845,81.29644
goshainganj,"gosainganj,goshainganj,gosh??nganj",9537.0,121.0,26.76793,81.10752
gopinathpur,gopinathpur,5255.0,184.0,22.66301,86.075
gobichettipalayam,"gobichettipalaiyam,gobichettipalayam,gobichettipalyam,gopichettipalaiyam,gopichettip?laiyam,ge bi qie di pa la ye mu,gobicettipalayama,kopiccettippalaiyam,?????????????,??????????????,??????????????????,???????????????,?????????????????????,????????",57527.0,220.0,11.45496,77.4422
farrukhnagar,farrukhnagar,10091.0,222.0,28.44745,76.82391
dwarahat,"dwarahat,dw?r?h?t",2443.0,1494.0,29.77785,79.42731
disa,"deesa,dis,disa,d?sa,???",92224.0,132.0,24.25612,72.17928
diphu,"diphn,diphu",57097.0,200.0,25.84341,93.43116
dholka,dholka,54977.0,26.0,22.72732,72.44128
dharangaon,"darangaon,dharangaon",33718.0,218.0,21.01187,75.27407
dhanera,dhanera,23656.0,137.0,24.50967,72.02343
devgadh bariya,"baria,bariya,b?ria,devgad baria,devgad b?ria,devgadh bariya,devgadh b?riya",19703.0,201.0,22.70517,73.90882
dataganj,"dataganj,d?t?ganj",24562.0,159.0,28.0253,79.40819
dabra,dabra,60836.0,207.0,25.88572,78.33221
colva,"colva,kolva,?????",12000.0,18.0,15.27976,73.92285
chik ballapur,"chik ballapur,chik ball?pur",57831.0,918.0,13.43512,77.72787
chhachhrauli,chhachhrauli,10751.0,298.0,30.24492,77.36027
chandur,"chandur,ch?ndur,ch?nd?r",19163.0,330.0,20.81408,77.98015
chanduasi,"chandausi,chanduasi",112635.0,193.0,28.45178,78.78277
candolim,candolim,9197.0,2.0,15.51807,73.76259
buxar,buxar,96120.0,67.0,25.57548,83.98043
bikaner,"bkb,bikaner,bîkâner,b?kaner,b?k?ner,bikanera,???????,???????",576015.0,229.0,28.01762,73.31495
bhawanigarh,"bhawanigarh,bhaw?n?garh",19376.0,247.0,30.26685,76.03854
bhadaur,bhadaur,17532.0,230.0,30.47651,75.33049
betma,betma,13817.0,548.0,22.68653,75.61456
baruipur,"baruipur,b?ruipur",47874.0,13.0,22.35253,88.43882
bansbaria,"bansbaria,bansberia,b?nsb?ria",108474.0,17.0,22.95387,88.40098
baloda bazar,"baloda bazar,baloda b?z?r",25235.0,259.0,21.65678,82.16062
balachor,"balachaur,balachor,b?l?chor",19166.0,277.0,31.06062,76.30166
bakshwaho,"bakshwaho,bakshw?ho,bakswaho,baksw?ho,buxwaha",9734.0,499.0,24.25106,79.28618
bagli,"bagli,b?gli",10764.0,553.0,22.64124,76.34877
badami,"badami,??????",28314.0,560.0,15.91495,75.67683
arki,arki,3293.0,1126.0,31.15196,76.96675
aruvankad,"aravandadu,aravanghat,aravankadu,aravank?du,aruvankad,aruvankadu",5175.0,1920.0,11.36315,76.7579
ammapettai,"ammapet,ammapettai,amm?pettai",14528.0,35.0,10.79476,79.31986
aldona,aldona,6606.0,17.0,15.59337,73.87482
alappakkam,"alapakam,alappakkam,?lapp?kkam",5585.0,7.0,11.59895,79.71893
alangayam,"alangayam,alang?yam,?lang?yam",17357.0,505.0,12.62235,78.75207
alampur,alampur,14060.0,274.0,15.87987,78.13352
harindanga,"harindanga,harind?nga",6254.0,4.0,22.03833,88.32139
raypur,raypur,6907.0,10.0,22.41083,88.50944
puttaparthi,"put,puttaparthi,puttaparti,putapaleuti,puttaparthi,puttaparti,puttaparti mandala,puttapartti,puttaparuti,??????????,????????,?????????? ?????,??????????,??????????,???????????,????????????,??????????,??????????,???????????,???????,?????",9000.0,466.0,14.1652,77.8117
panchkula,"panchkula,panchkula urban estate,pusat bandar panchkula,bantshkwla,pancakula,pancakula upa sahara,????????,?????????,????????,???????,????????,???????? ?? ???,????????,??????",200000.0,335.0,30.69461,76.8504
pavuluru,pavuluru,10524.0,35.0,15.85292,80.16468
kumbalam,kumbalam,24143.0,6.0,9.9063,76.31127
hamren,hamren,24588.0,348.0,25.93354,92.61656
madhavkampa,madhavkampo,2200.0,104.0,23.19148,73.22759
punch,"poonch,punch,p?nch,bwnsh,bwntsh,pwnch?,?????,????,?????",28197.0,999.0,33.77033,74.09254
keelakarai,"kilakarai,kilakari,k?lakarai,kai ai la ka lai,kilakara'i,kilakkarai,?????????,?????????,????????,?????",30468.0,14.0,9.23183,78.78545
veraval,"veraval,ver?val",163326.0,10.0,20.9077,70.36786
vejalpur,vejalpur,121610.0,113.0,22.69021,73.56299
vedaraniyam,"vedaranayam,vedaraniam,vedaranniyam,ved?ranniyam",32245.0,9.0,10.37208,79.85095
usehat,usehat,15068.0,162.0,27.79796,79.23763
un,un,30671.0,49.0,23.88745,71.76975
tral,"tral,tr?l",13255.0,1713.0,33.92708,75.11585
tiruttangal,tiruttangal,54499.0,88.0,9.48333,77.83333
sulur,"sulur,s?l?r",26183.0,376.0,11.02427,77.12565
srivilliputhur,"si li wei li pu tu er,sribilliputhura,srivilli putturu,tiruvilliputtur,???????????????,???????????????,??????????????????,?????????? ????????,???????",74370.0,153.0,9.51272,77.63369
karanpur,"karanpur,karanpura,sri karanpur",21604.0,168.0,29.84042,73.45519
siwan,"savan,sivan,siwan,siw?n,?????",119181.0,71.0,26.22096,84.35609
sirsi,"sirsi,sirasi,sirsi,xi er xi,?????,?????,??????,?????,???",61607.0,600.0,14.62072,74.83554
sirsa,"sirsa,sirs?",12608.0,96.0,25.2634,82.0919
sirkazhi,"cikal,c?k?l,shiyali,sh?yali,sirkali,sirkazhi,s?rk?zhi",33100.0,12.0,11.23725,79.73585
sikar,"sikar,s?kar",199932.0,435.0,27.61206,75.13996
siliguri,"shiliguri,silguri,siligun,siliguri,sil?guri,sil?gurí,siliguri,xi li gu li,????????,?????????,?????????,????",515574.0,124.0,26.71004,88.42851
shahabad,"sahabad,shahabad,sh?h?b?d,s?h?b?d",34962.0,189.0,28.56681,79.00956
sawai madhopur,"sawai madhopur,saw?i m?dhopur",108612.0,257.0,26.02301,76.34408
sairang,sairang,5760.0,111.0,23.81034,92.65226
pulgaon,pulgaon,35238.0,276.0,20.72204,78.32056
pratapgarh,"partabgarh,partapgarh,pratabgarh,pratapgarh,prat?bgarh,prat?pgarh",37780.0,498.0,24.03215,74.78162
piploda,piploda,7719.0,469.0,23.35,75.43333
pipalkoti,pipalkoti,2000.0,1350.0,30.42553,79.43066
pilani,"pilani,pil?ni",28149.0,296.0,28.36725,75.60352
peranampattu,"peranambattu,peranampattu,peran?mbattu,peran?mpattu,pernambut",43124.0,369.0,12.9343,78.7189
pawayan,"pawayan,paw?yan",25708.0,168.0,28.06626,80.10305
parol,"nagri,parol,parole",7800.0,287.0,32.34598,75.43441
paradip garh,"paradeep,paradip,paradip garh,paradipur,paradwip,par?d?p garh,p?r?dw?p",85868.0,6.0,20.31641,86.6085
pali,"pali,p?li",9098.0,393.0,24.49188,78.41617
nihtaur,"nehtaur,nihtaur",48389.0,243.0,29.32416,78.38724
nawabganj,"kanpur nawabganj,nawabganj,naw?bganj",10758.0,132.0,26.49716,80.30934
narsipatnam,"narsipatnam,nars?patnam",33755.0,85.0,17.66709,82.61245
narasapur,"narasapur,narasapuram,narsapur,na er sa pu er,naracapuram mantalam,narasapuram,narasapuram mandala,????????? ????? ??????? ???,???????? ?????,??????????,????????? ???????,????????,?????",59306.0,15.0,16.43425,81.69845
nangal,"nangal,nangal township,n?ngal,n?ngal township,??????",48497.0,364.0,31.38966,76.37574
nandigama,"nandigama,nandig?ma",38219.0,54.0,16.7717,80.28596
namli,namli,9235.0,494.0,23.46115,75.06036
namagiripettai,"namagiripetai,namagiripettai,n?magiripettai",22098.0,262.0,11.45513,78.26818
nadbai,"nadbai,n?dbai",23520.0,201.0,27.22288,77.19569
muhammadabad,muhammadabad,24146.0,77.0,26.03404,83.38114
moram,moram,17696.0,586.0,17.78812,76.47077
meethari marwar,"mithari maravara,?????? ???????",14760.0,342.0,27.57615,74.68661
maudaha,maudaha,37844.0,127.0,25.68312,80.11419
mansa,mansa,29551.0,106.0,23.42564,72.65739
mannargudi,"mannargudi,mann?rgudi,ma na er gu di,mannaraguri,mannargudi,mannarkuti,??????????,????????????,???????????,?????",63148.0,23.0,10.66626,79.45064
mangrol,"kaiztori,kazitori,k?iztori,k?zitori,mangrol,m?ngrol",23896.0,242.0,25.33061,76.50973
mandasa,"mandasa,mandasa,????",9287.0,44.0,18.8683,84.46296
manavadar,"manavadar,manawadar,m?n?vadar",29105.0,29.0,21.49813,70.13775
malkapur,"malkapur,malk?pur",64812.0,253.0,20.88555,76.19932
malihabad,"malihabad,mal?h?b?d",16649.0,129.0,26.92223,80.71078
makhjan,makhjan,10000.0,23.0,17.2698,73.50031
maindargi,maindargi,11444.0,449.0,17.45739,76.2932
madukkarai,"madukarai,madukkarai,mudukarai",29144.0,348.0,10.90568,76.96344
maddagiri,"maddagiri,madhugiri",28124.0,756.0,13.66035,77.21239
machhiwara,"machhiwara,m?chh?w?ra",20447.0,261.0,30.91557,76.20016
lalsot,"lalsot,l?lsot",31480.0,308.0,26.55951,76.32915
lakhipur,lakhipur,12871.0,35.0,24.79281,93.0091
kunnamangalam,kunnamangalam,38372.0,29.0,11.30459,75.87772
kulpahar,"kulpahar,kulpah?r",18976.0,198.0,25.32007,79.63931
kuchera,"kucher,kuchera,?????",21796.0,317.0,26.98747,73.97108
kothi,kothi,7790.0,327.0,24.7526,80.77751
kota,"kota,kot?",15582.0,333.0,22.29507,82.02366
kondapalle,"kondapalle,kondapalli",38714.0,37.0,16.61989,80.54244
kishangarh,kishangarh,10288.0,308.0,27.81889,76.72972
khopoli,"khopoli,ke bo li,khopoli,???????,??????,??????,???",64460.0,89.0,18.78562,73.34589
kendraparha,"kendrapara,kendraparha,kendr?parha,kendr?p?ra",43843.0,8.0,20.50166,86.42227
kattanam,kattanam,19764.0,22.0,9.17614,76.56325
kasganj,"kasganj,k?sganj",99462.0,181.0,27.80882,78.64579
kasaragod,"kasaragod,kasaragod fort,k?saragod",53309.0,43.0,12.49838,74.98959
karumbakkam,"karumbakham,karumbakkam,karumb?kkam",11992.0,32.0,12.70203,80.0911
kartarpur,"kartarpur,kart?rpur,krtar bwr,krtarbwr,????? ???,????????",26701.0,237.0,31.44268,75.49847
karkala,"karaka,karkal,karkala,k?rkala,k?rk?l",25374.0,93.0,13.21428,74.99234
karera,"karera,karery,??????",26212.0,279.0,25.45815,78.13583
kankon,"advota,canacona,chauri,chauri town,kankon,k?nkon",12444.0,31.0,15.02698,74.04617
kalpatta,"kalpatta,kalpetta,ka er pei te ta,kalapetta,kalparra,kalpetta,????????,??????,?????????,?????????,????????,?????????,????????,??????,?????",29602.0,755.0,11.60871,76.08343
kakching,kakching,30418.0,787.0,24.4982,93.98126
kailashahar,"ixh,kailasahar,kailashahar,kail?shahar",22120.0,32.0,24.33199,92.00391
jharsuguda,"dzhkharsuguda,jrg,jharsaguda,jharsguda,jharsogra,jharsugra,jharsuguda,jharsugude,jh?rsugra,jh?rsuguda,gu er su gu da,jharasugada,jharasuguda,jharasugura,jharsuguda,???????????,?????????,?????????,??????????,?????????,????????,??????????,?????",79492.0,219.0,21.85531,84.00698
jhargram,"jharagram,jhargram,jh?ragr?m,jh?rgr?m",57796.0,81.0,22.45384,86.99497
jhanjharpur,"jhanjharpur,jhanjh?rpur",31283.0,56.0,26.26467,86.27993
jetpur,jetpur,8446.0,106.0,22.34472,73.84093
jetalsar,jetalsar,14771.0,103.0,21.70891,70.57695
jamadoba,"jamadoba,j?madoba",34774.0,179.0,23.71667,86.4
jaisinghnagar,jaisinghnagar,7600.0,444.0,23.68582,81.39085
jagdalpur,"dzhagdalpur,jgb,jagdalpur,gu ge da er pu er,jagadalapura,jagadalpura,jgdlpwr,??????????,???????,???????,???????,????????,???????,????????,???????,??????????,??????",76465.0,562.0,19.08136,82.02131
itimadpur,itimadpur,22697.0,167.0,27.23541,78.19829
isagarh,"isagarh,is?garh",10365.0,491.0,24.83906,77.88274
iglas,"iglas,igl?s",13746.0,183.0,27.711,77.93967
howli,howli,17354.0,52.0,26.42237,90.98004
himatnagar,"ahmadnagar,ahmednagar,himatnagar",60634.0,144.0,23.59893,72.96602
hathras,"hathras,h?thras",126882.0,185.0,27.59551,78.05201
hariana,"hariana,hari?na",8332.0,310.0,31.63512,75.83887
gulabpura,"gulabpura,gul?bpura",26467.0,400.0,25.90448,74.66025
gohadi,"gohad,gohadi",51635.0,158.0,26.43278,78.44205
garhi pukhta,"garhi,garhi pukhta,garhi p?khta,garh?,garh? p?khta",13381.0,252.0,29.5498,77.30881
gannavaram,"gannavaram,vga",19410.0,29.0,16.54092,80.80213
farah,farah,9236.0,179.0,27.32081,77.76185
etawah,"etawah,et?wah",257448.0,154.0,26.77615,79.02133
eral,eral,9187.0,16.0,8.62584,78.02282
doda,"doda,doda district (india)",17748.0,1191.0,33.14916,75.54746
dhulia,"dhule,dhulia,dh?lia,dkhule,dule,dhule,dwlh,tu lai,????,?????,????,????,????,????,????,??",366980.0,266.0,20.9013,74.77737
dewas,"devas,dewas,dew?s,de wa si,de'oyasa,deraasa,devasa,dewasu,dwas,dywas,?????,????,?????,????,?????,???????,?????,?????,?????,???",261218.0,544.0,22.96585,76.05526
devgarh,"deogarh,devgarh",17500.0,638.0,25.52533,73.90812
daurala,"daurala,daur?la",10915.0,232.0,29.11344,77.70467
cuncolim,cuncolim,16122.0,13.0,15.1773,73.99392
colonelganj,colonelganj,25503.0,110.0,27.13432,81.69868
chopan,chopan,13585.0,198.0,24.51954,83.02287
chikitigarh,"chikati,chikiti,chikitigarh,ch?kati",11055.0,52.0,19.20233,84.6145
chhibramau,"chhibramau,chhibr?mau",57071.0,151.0,27.14872,79.50078
chandauli,chandauli,25035.0,81.0,25.25803,83.26825
cavelossim,"caveloesim,kavelossim,??????????",11983.0,7.0,15.17255,73.94194
botad,"botad,bot?d",117053.0,89.0,22.16917,71.66671
borsad,borsad,60271.0,39.0,22.40788,72.89817
etawa,"bina-etawa,b?na-et?wa,etawa,etawah,et?wa",55185.0,414.0,24.18351,78.20289
bilara,"bilara,bil?ra",41710.0,276.0,26.18067,73.7055
bijnor,"bidzhnor,bijnor,bi jie nuo er,bijanaura,bijanora,bijnora,bjnwr,pijnor,???????,?????,??????,??????,???????,??????,??????,????????,????",84593.0,237.0,29.373,78.13636
bhowali,"bhowali,bhow?li",5685.0,1791.0,29.38985,79.50481
betamcherla,betamcherla,35417.0,424.0,15.45144,78.14797
behror,"behror,beharora,behrora,bei he luo er,???????,??????,????",25815.0,325.0,27.88832,76.28108
bawal,"bawal,b?wal",13318.0,266.0,28.07184,76.58312
basi,"basi,dera basi,dera bassi",18739.0,306.0,30.58813,76.84498
barwala,"barwala,barw?la",36694.0,226.0,29.36747,75.90809
barwadih,"barwadih,barw?dih",7401.0,290.0,23.8478,84.11049
bardoli,"bardoli,bardoti,b?rdoli,???????",57810.0,29.0,21.12297,73.11151
baj baj,"baj baj,budge budge",76159.0,9.0,22.47514,88.17767
ayyampettai,"ayyampettai,ayyampett?i",14702.0,37.0,10.90141,79.17984
ashti,"ashti,?shti",13084.0,441.0,19.37671,76.2252
ashta,"ashta,satara,????",35497.0,575.0,16.94943,74.40936
anta,anta,30598.0,249.0,25.15,76.3
anakapalle,"anakapalle,anak?palle,anakapalli,?????????",84357.0,34.0,17.69134,83.00395
alwar,"alvar,alvaras,alvaro,alwar,alwar city,district d'alwar,a er wa er,ala'oyara,alaraara,alavara,alawara,alvar,alvara,alvari,alwar,aruwaru,álvaro,?????,?????,????,?????,???????,?????,????,????,????,???????,???????,??????,????,????",283228.0,269.0,27.56246,76.625
ajjampur,ajjampur,10795.0,756.0,13.72794,76.0068
agartala,"agartala,agratala,ajarthala,ankartala,aqartala,ixa,a jia er ta la,agaleutalla,agaratala,agartala,agarutara,agrtla,akartala,?????????,????????,????????,??????,??????,??????,???????,???????,??????,??????,??????,???????,???????,???????,??????,???????,????????,?????,?????,?????",203264.0,15.0,23.83605,91.27939
bhandardaha,"bhandardaha,bhand?rdaha",5079.0,11.0,22.61476,88.1919
gho brahmanan de,"gho brahmanan,gho brahmanan de,gho br?hman?n,gho br?hman?n de,gho manhasan,gho manh?s?n",4040.0,320.0,32.5559,74.9539
greater noida,"didzioji noida,didioji noida,velika nojda,gretara no'eda,noyta perunakar,?????? ?????,????? ??????,?????? ?????,?????? ????????",293908.0,212.0,28.49615,77.53601
lal bahadur nagar,"l.b.nagar,lal bahadur nagar,lalbahadur nagar",261987.0,511.0,17.34769,78.55757
deoli,deoli,120000.0,239.0,28.50254,77.23117
kalamassery,kalamassery,63176.0,11.0,10.0614,76.32631
